k¹t podniesienia,kat boczny,wysokosc celu,opor powietrza,wektor wiatru,wylotowa,X,Z
87.9818825545782,-86.63816878778177,0,0.1,"[0, 0, 0]",1100,222.8876273846299,-3777.2488493435144
69.46391347329472,57.890159256411806,0,0.1,"[0, 0, 0]",1100,18176.7754447823,28963.6168118951
69.27377755312853,-85.89660061353032,0,0.1,"[0, 0, 0]",1100,2465.92651117274,-34358.769380274265
37.55490417573759,35.292160136779344,0,0.1,"[0, 0, 0]",1100,45114.26773971247,31932.707431853138
0.3699480661487764,-74.91072815182795,0,0.1,"[0, 0, 0]",1100,410.9439732349267,-1520.4367632791514
88.44409067722442,-15.258568387810598,0,0.1,"[0, 0, 0]",1100,2817.5963852812765,-768.339863034112
32.351583475476595,-9.383192421651671,0,0.1,"[0, 0, 0]",1100,53509.68740576737,-8842.14073451311
89.69976505635103,-83.04644085309519,0,0.1,"[0, 0, 0]",1100,69.2881208374169,-559.9060136059757
60.81777811085516,-2.321145004772461,0,0.1,"[0, 0, 0]",1100,44201.439888226116,-1791.5874811976648
12.124005982568582,8.875381150047971,0,0.1,"[0, 0, 0]",1100,33745.410521819605,5269.379815122132
47.8072608304434,35.67200569342677,0,0.1,"[0, 0, 0]",1100,43396.76591308085,31150.88155573446
70.53945044806119,79.28828430530442,0,0.1,"[0, 0, 0]",1100,6085.817919263104,32166.934706352877
69.31873776108428,-30.08290956832107,0,0.1,"[0, 0, 0]",1100,29756.56917803317,-17236.586286071095
17.396948797757126,-50.771444856921576,0,0.1,"[0, 0, 0]",1100,26812.830339422228,-32840.6305993341
30.811382694895713,-86.59188103824718,0,0.1,"[0, 0, 0]",1100,3190.4931525794477,-53556.73710258135
0.9802564225760979,83.50669018795602,0,0.1,"[0, 0, 0]",1100,463.4958222351875,4063.492169189589
37.13955982439503,7.919178438822257,0,0.1,"[0, 0, 0]",1100,54713.65311096304,7610.675292492657
6.342837388642138,20.84835032280111,0,0.1,"[0, 0, 0]",1100,19990.70928020064,7612.687299534507
40.16047916919357,9.47107784134684,0,0.1,"[0, 0, 0]",1100,54522.928379769626,9095.551467204246
43.973427097619734,38.73506699195187,0,0.1,"[0, 0, 0]",1100,42662.509971851105,34221.20445953467
37.09341515486918,-3.9813571790028988,0,0.1,"[0, 0, 0]",1100,55103.088907322075,-3835.0642922771767
87.35627339111412,-2.8405482533449486,0,0.1,"[0, 0, 0]",1100,4945.130981489802,-245.31394438684978
56.45401260809058,81.14226139396442,0,0.1,"[0, 0, 0]",1100,7412.504604489826,47558.355617123656
35.03872007556523,-10.343448540614219,0,0.1,"[0, 0, 0]",1100,54053.14997021244,-9865.171472881499
13.306476403259552,30.73562544031617,0,0.1,"[0, 0, 0]",1100,31152.337945093033,18522.518520062156
86.16562965685385,85.20909625322585,0,0.1,"[0, 0, 0]",1100,598.6890537353611,7131.266492979488
42.21177657723591,68.82502109261753,0,0.1,"[0, 0, 0]",1100,19884.84257123615,51330.08142480899
74.83340434878576,31.548929131717074,0,0.1,"[0, 0, 0]",1100,22575.063386063943,13859.934642822822
7.7037033857274375,-88.06699366795236,0,0.1,"[0, 0, 0]",1100,838.6400711936465,-24818.51032244544
7.328829720530178,48.66133894624832,0,0.1,"[0, 0, 0]",1100,15797.238916677517,17956.031304144464
36.8592786470229,-31.165088045663893,0,0.1,"[0, 0, 0]",1100,47245.76003014228,-28573.011487322725
62.3887339608671,-26.767351051924365,0,0.1,"[0, 0, 0]",1100,38070.4249241373,-19203.018264205206
15.045829663658486,65.89237250817482,0,0.1,"[0, 0, 0]",1100,15951.482656602586,35645.01906713298
12.843948151511578,9.735169689262293,0,0.1,"[0, 0, 0]",1100,34933.72331243253,5993.231224365007
79.13463517812588,29.266589673408163,0,0.1,"[0, 0, 0]",1100,17085.52840993496,9574.294855707238
38.38524574015575,28.251191115898138,0,0.1,"[0, 0, 0]",1100,48721.50988340782,26179.77954895243
42.01847464202125,-3.177590919529493,0,0.1,"[0, 0, 0]",1100,54993.19665452436,-3052.949555821422
80.59533920897854,47.91831091432081,0,0.1,"[0, 0, 0]",1100,11465.76537274139,12696.461868493207
45.990668734599836,-62.792593135554824,0,0.1,"[0, 0, 0]",1100,24738.822127264633,-48119.2811839718
31.89297266646205,-64.20716704961396,0,0.1,"[0, 0, 0]",1100,23529.820608968173,-48686.68348777261
31.84037256595919,53.30962669243715,0,0.1,"[0, 0, 0]",1100,32298.615296351083,43345.77235189747
33.48025343060728,5.014908508543456,0,0.1,"[0, 0, 0]",1100,54371.486827003755,4771.057180005713
36.70852472321438,-68.13095280059258,0,0.1,"[0, 0, 0]",1100,20561.263435258657,-51224.65695112031
79.87158115065,7.54968494545561,0,0.1,"[0, 0, 0]",1100,18184.210345421285,2409.908045957749
37.536714934556876,14.708420841164951,0,0.1,"[0, 0, 0]",1100,53459.81067798259,14033.054431581755
1.1662447707187584,-13.75925662717178,0,0.1,"[0, 0, 0]",1100,4685.6904912474665,-1147.1255475067858
4.110022321146818,-33.46282646042461,0,0.1,"[0, 0, 0]",1100,12517.23756912314,-8272.589071594066
70.15825717224303,-49.27387167807106,0,0.1,"[0, 0, 0]",1100,21700.52364276776,-25204.73720718047
39.83078674591388,-11.846981030758457,0,0.1,"[0, 0, 0]",1100,54116.46796511809,-11351.497880320094
33.10576326038749,49.29731802408389,0,0.1,"[0, 0, 0]",1100,35524.34883029355,41295.792947333575
67.883557663086,-55.62410716493878,0,0.1,"[0, 0, 0]",1100,20470.55916422462,-29921.9318204065
19.443157281004158,6.611176596822332,0,0.1,"[0, 0, 0]",1100,44627.190381492364,5172.24829572136
78.57572293179105,53.95143632026122,0,0.1,"[0, 0, 0]",1100,12073.769204759858,16587.157581418556
66.09943316446724,-33.03731530494795,0,0.1,"[0, 0, 0]",1100,32242.883124049422,-20967.68886608259
78.58497673443726,-21.737361823699473,0,0.1,"[0, 0, 0]",1100,19043.4175789634,-7592.205477009023
89.14930143146861,52.21741085431478,0,0.1,"[0, 0, 0]",1100,979.8277860996265,1262.689286612817
59.15023146008968,-47.73937005588493,0,0.1,"[0, 0, 0]",1100,30815.461961527966,-33911.13739310075
47.8740477613479,2.4847951126019012,0,0.1,"[0, 0, 0]",1100,53341.5045495035,2314.7146490550044
82.18643109771759,52.626350797746625,0,0.1,"[0, 0, 0]",1100,8705.310690670985,11395.6238280588
84.54691751079369,-71.27755337530871,0,0.1,"[0, 0, 0]",1100,3248.810916194656,-9582.867016811666
44.96210631556628,65.00306644375061,0,0.1,"[0, 0, 0]",1100,23000.461551845463,49329.39707057594
41.200936188354575,-28.444366145142517,0,0.1,"[0, 0, 0]",1100,48523.73631937061,-26284.384443876617
3.1903625732097907,-11.533517542418082,0,0.1,"[0, 0, 0]",1100,11819.066269011779,-2411.586184503968
23.776520532618274,31.280698871175417,0,0.1,"[0, 0, 0]",1100,42084.61997867831,25567.828596312345
59.15424118604066,27.747954017611406,0,0.1,"[0, 0, 0]",1100,40549.074127621396,21331.525105475208
22.143718889431124,-77.02396718744298,0,0.1,"[0, 0, 0]",1100,10727.715288597128,-46551.213745068984
60.10721186396846,-51.82088302742923,0,0.1,"[0, 0, 0]",1100,27770.66308914018,-35315.24162915091
64.1800229092832,15.145883865079298,0,0.1,"[0, 0, 0]",1100,39279.122658465996,10631.803058156602
20.89804643719316,89.13394414062361,0,0.1,"[0, 0, 0]",1100,704.2180930556642,46519.35523882994
2.6752450701758415,89.6910042058187,0,0.1,"[0, 0, 0]",1100,56.67618968874419,10323.69961677986
52.41538508120724,14.48608185135599,0,0.1,"[0, 0, 0]",1100,49389.97096837357,12760.057297299063
13.114438995687422,23.90450474931467,0,0.1,"[0, 0, 0]",1100,32833.56793765637,14552.4798475022
22.06068613719021,-23.36943704759787,0,0.1,"[0, 0, 0]",1100,43780.24235773228,-18917.239969138303
15.77860281869237,-18.805512178656045,0,0.1,"[0, 0, 0]",1100,38004.78121414478,-12941.516889265424
11.237325064567198,36.719824349358944,0,0.1,"[0, 0, 0]",1100,26039.367331214067,19422.41919322662
56.81975881666788,-53.54600599622105,0,0.1,"[0, 0, 0]",1100,28424.621155648285,-38476.37655712566
36.97353939580223,-11.088126386236738,0,0.1,"[0, 0, 0]",1100,54194.44086854323,-10620.500525208725
20.28425864203584,-53.261037376165746,0,0.1,"[0, 0, 0]",1100,27438.53598531629,-36757.78542083836
72.03963778246343,11.850251805652661,0,0.1,"[0, 0, 0]",1100,29979.973852883937,6290.379858219034
15.755869878733762,77.59892568042346,0,0.1,"[0, 0, 0]",1100,8615.550756150415,39177.7211389704
42.73302014526062,-16.530801369961594,0,0.1,"[0, 0, 0]",1100,52686.15351486014,-15636.739204612613
88.84908951005686,-18.73255405369386,0,0.1,"[0, 0, 0]",1100,2047.3095988049276,-693.9319570411577
15.056313454406755,80.45897403648368,0,0.1,"[0, 0, 0]",1100,6476.518300742716,38526.68388302677
18.094165675597125,-86.44565150602313,0,0.1,"[0, 0, 0]",1100,2685.1317197163853,-43211.99405233908
81.11527525080275,-59.617787245798986,0,0.1,"[0, 0, 0]",1100,8199.493564972641,-13983.916553158851
62.692970240702365,-31.667727785617558,0,0.1,"[0, 0, 0]",1100,36017.37491424395,-22215.961058255718
71.68962670064634,67.5774760697077,0,0.1,"[0, 0, 0]",1100,11875.275099851195,28777.036090944915
20.583047270625016,46.63888171146425,0,0.1,"[0, 0, 0]",1100,31715.96234870682,33583.25439180257
39.115168793485736,-85.17442712394106,0,0.1,"[0, 0, 0]",1100,4654.138857422761,-55117.651364722624
66.82992436704384,60.372693365626134,0,0.1,"[0, 0, 0]",1100,18575.0284874552,32659.95078166111
1.9759363709926625,-41.62293159686328,0,0.1,"[0, 0, 0]",1100,5871.348590011983,-5216.117825874292
58.69198598711136,80.35370050351935,0,0.1,"[0, 0, 0]",1100,7748.420452048515,45581.46743715596
88.55809187477348,-74.75420088854264,0,0.1,"[0, 0, 0]",1100,712.5872281402587,-2610.8123309483367
33.93014182094224,-74.13945047274844,0,0.1,"[0, 0, 0]",1100,14949.811708206233,-52615.25602625368
19.83317258518131,45.51862010694322,0,0.1,"[0, 0, 0]",1100,31790.329684551813,32370.092798467736
4.1688071266242135,7.186295168212027,0,0.1,"[0, 0, 0]",1100,15066.189765427078,1899.5151513778192
15.698745540368304,38.350441756581745,0,0.1,"[0, 0, 0]",1100,31393.65154999069,24837.328450710847
32.8773407804104,-4.848093119151329,0,0.1,"[0, 0, 0]",1100,54209.93461824356,-4597.826041889025
63.0115877752615,-22.957710638772966,0,0.1,"[0, 0, 0]",1100,38652.62989922862,-16372.79734594556
5.494127033098741,11.323317037683708,0,0.1,"[0, 0, 0]",1100,18708.079522069667,3745.9609811092523
42.99600048333896,7.258479987055708,0,0.1,"[0, 0, 0]",1100,54467.3670145263,6937.188890002878
50.37712862610255,40.48157250414249,0,0.1,"[0, 0, 0]",1100,39699.35532068614,33883.52325992611
1.6820272002651582,-29.571625499624695,0,0.1,"[0, 0, 0]",1100,5892.899153886346,-3343.160751191786
23.972529803349033,89.02872640710771,0,0.1,"[0, 0, 0]",1100,838.4893961185624,49399.069056744826
45.46010662886198,-58.34761004251513,0,0.1,"[0, 0, 0]",1100,28484.080052134064,-46203.27747314361
73.22759046206689,-52.63321478732601,0,0.1,"[0, 0, 0]",1100,17543.86679558031,-22972.446123510443
34.13893402516459,81.32967681274624,0,0.1,"[0, 0, 0]",1100,8254.419573482246,54123.81553273302
18.432785980186654,-40.92683291080989,0,0.1,"[0, 0, 0]",1100,33032.243815830036,-28639.607258086162
14.456816997619118,37.19744655502613,0,0.1,"[0, 0, 0]",1100,30376.408866666374,23054.056659512935
52.91871254900539,43.75118434202835,0,0.1,"[0, 0, 0]",1100,36617.39587158922,35054.02392846851
60.71536316350888,56.66631940912259,0,0.1,"[0, 0, 0]",1100,24365.004087537018,37043.17953907616
19.964914803035278,38.09561141039737,0,0.1,"[0, 0, 0]",1100,35822.02903201006,28082.844192600463
60.78670134871846,-70.54196792104183,0,0.1,"[0, 0, 0]",1100,14747.164890799495,-41738.496131346554
64.83008516003413,-29.33713879345182,0,0.1,"[0, 0, 0]",1100,34829.77206640887,-19574.64184205118
21.25268966180856,-85.03129936373195,0,0.1,"[0, 0, 0]",1100,4062.2905681361844,-46714.630860462516
11.445640992863487,-87.3801703144675,0,0.1,"[0, 0, 0]",1100,1504.1148920076587,-32850.21929651322
75.85146970712944,11.071989910022154,0,0.1,"[0, 0, 0]",1100,24448.11836559087,4783.923675725582
27.831580456674978,-0.9957982196342101,0,0.1,"[0, 0, 0]",1100,52139.60071153685,-906.2472578836333
2.7495454692766206,-18.21536915458205,0,0.1,"[0, 0, 0]",1100,10049.584248863146,-3306.739251280119
75.54864508334263,23.110006212971697,0,0.1,"[0, 0, 0]",1100,23348.08661128097,9963.19588077159
52.04097811422113,-42.97579309805865,0,0.1,"[0, 0, 0]",1100,37491.42520382251,-34930.505026337225
27.807523236531527,15.017027708403205,0,0.1,"[0, 0, 0]",1100,50352.84899909735,13507.776969169316
49.085470398798186,11.079758438895908,0,0.1,"[0, 0, 0]",1100,51861.857048896876,10155.670231368698
17.982244653259478,-88.84265993928928,0,0.1,"[0, 0, 0]",1100,872.6252737707691,-43144.835439556926
26.133259780892438,20.12513224930578,0,0.1,"[0, 0, 0]",1100,47938.48289574149,17566.47467132119
4.041986164111586,60.968530207330446,0,0.1,"[0, 0, 0]",1100,7179.510268364649,12933.616916945697
1.009980683608196,48.44330140077116,0,0.1,"[0, 0, 0]",1100,2793.5356622514287,3150.100520714829
1.084836079551289,21.84072618825219,0,0.1,"[0, 0, 0]",1100,4185.954506534402,1677.3139366942385
8.091789653697418,-49.538672789507835,0,0.1,"[0, 0, 0]",1100,16717.41023334845,-19598.946648666497
37.438867747534026,-45.00542534560479,0,0.1,"[0, 0, 0]",1100,39074.27904151758,-39080.348562488434
62.06659692455901,1.5862565973499727,0,0.1,"[0, 0, 0]",1100,42959.07347053451,1189.6154195638176
88.24160430596255,-87.65391310673134,0,0.1,"[0, 0, 0]",1100,136.02100782461025,-3295.5901243325047
13.187991709133064,21.764601398172218,0,0.1,"[0, 0, 0]",1100,33471.502791748884,13363.264970948025
59.951632899397445,-67.38320124351458,0,0.1,"[0, 0, 0]",1100,17334.89958244015,-41607.23354647785
53.67371850601414,22.07693635780973,0,0.1,"[0, 0, 0]",1100,46510.964323524604,18863.93276297103
5.042541499800866,41.81447395985123,0,0.1,"[0, 0, 0]",1100,13261.694826320801,11862.458790393615
31.96819981842466,88.19857593201493,0,0.1,"[0, 0, 0]",1100,1701.7136888916918,54074.777675036145
18.49034176491282,68.5478467874791,0,0.1,"[0, 0, 0]",1100,16015.781599657581,40755.666686976576
68.30824351088296,83.87013196731311,0,0.1,"[0, 0, 0]",1100,3814.1868351375856,35505.70678230715
64.22236380878418,-25.349188932356597,0,0.1,"[0, 0, 0]",1100,36731.5963607233,-17400.83122146717
30.396236351621745,65.62692950522111,0,0.1,"[0, 0, 0]",1100,22067.863470744353,48706.96878687678
35.744985104292525,4.677301663850329,0,0.1,"[0, 0, 0]",1100,54886.77771535053,4490.542487666716
5.0180197197293195,-70.65090652407463,0,0.1,"[0, 0, 0]",1100,5872.452029180587,-16720.039718339853
69.77756754505769,56.862943157388315,0,0.1,"[0, 0, 0]",1100,18463.352242704885,28281.191636282296
11.670429342712156,-68.54558560911903,0,0.1,"[0, 0, 0]",1100,12184.839308529474,-31002.511732886866
43.87470291635539,75.31815170687139,0,0.1,"[0, 0, 0]",1100,13868.522481958464,52928.160858376854
43.06162880887298,19.51973638482471,0,0.1,"[0, 0, 0]",1100,51739.39582064899,18341.586267748335
6.031679366699109,-48.40200517676692,0,0.1,"[0, 0, 0]",1100,13649.550217279682,-15373.686862473285
77.47020143016091,2.903508643933762,0,0.1,"[0, 0, 0]",1100,22300.694659958663,1131.0228823636858
29.057230854294602,15.290675265829563,0,0.1,"[0, 0, 0]",1100,50958.48639973113,13931.477332210568
3.108302077984064,57.275764003678944,0,0.1,"[0, 0, 0]",1100,6374.238967199458,9918.10915224508
35.25365555810851,69.61015792614143,0,0.1,"[0, 0, 0]",1100,19158.287079368936,51540.35910668938
71.81334144167134,26.032479828244234,0,0.1,"[0, 0, 0]",1100,27815.329558298403,13585.478534550472
73.7364642129478,-77.42974295932035,0,0.1,"[0, 0, 0]",1100,6127.357569968339,-27474.396258574438
66.48978920215912,-49.33108682247405,0,0.1,"[0, 0, 0]",1100,24757.518262543857,-28813.35980602493
13.548427879316085,62.7804640461585,0,0.1,"[0, 0, 0]",1100,16765.25019067472,32592.36352377549
62.74473104590435,74.27785936251641,0,0.1,"[0, 0, 0]",1100,11452.848772846728,40680.89784610174
31.1750676770792,75.15211396464352,0,0.1,"[0, 0, 0]",1100,13787.770775770654,52004.80576805853
53.41909876478359,-30.90959703853195,0,0.1,"[0, 0, 0]",1100,43210.15201780269,-25869.803986442763
40.4391764815506,2.3074416868438306,0,0.1,"[0, 0, 0]",1100,55212.39895087559,2224.7014210205352
66.91747342157167,65.47269721688505,0,0.1,"[0, 0, 0]",1100,15553.427682649994,34083.63772829785
59.76271792723536,-2.1604192664525925,0,0.1,"[0, 0, 0]",1100,45221.18279413114,-1705.8927830742225
49.7818271154233,39.93234298706173,0,0.1,"[0, 0, 0]",1100,40260.34643654079,33700.67096998264
41.760517275437124,44.48013445802164,0,0.1,"[0, 0, 0]",1100,39324.70173333109,38616.50237696098
64.54692639551227,-6.725524176343299,0,0.1,"[0, 0, 0]",1100,40000.4623778181,-4716.858382454488
31.245384454676362,85.99288712159154,0,0.1,"[0, 0, 0]",1100,3762.6063596396666,53697.67907458916
84.84172544192646,64.18970078549157,0,0.1,"[0, 0, 0]",1100,4173.1472634103275,8626.543465647857
67.29105279604575,-70.0612102006214,0,0.1,"[0, 0, 0]",1100,12618.779549694542,-34782.385346916795
12.163881111120812,41.38979514142423,0,0.1,"[0, 0, 0]",1100,25678.552519562356,22629.680924870023
63.01153347642819,-42.74639172081305,0,0.1,"[0, 0, 0]",1100,30827.09630123772,-28491.421711744846
7.3993697604827835,-61.93518516315464,0,0.1,"[0, 0, 0]",1100,11334.47583316761,-21257.060367325772
89.5390455956705,40.27025012123116,0,0.1,"[0, 0, 0]",1100,661.7205421599693,559.7422221359084
73.0664728274302,69.57442726849632,0,0.1,"[0, 0, 0]",1100,10171.350828568875,27309.934161571986
14.617241204803776,8.770863050959505,0,0.1,"[0, 0, 0]",1100,37938.75320051533,5853.320983867057
78.13440314611681,-69.73772763657627,0,0.1,"[0, 0, 0]",1100,7358.124716462221,-19929.012097375882
30.818927379830324,-32.32381405229384,0,0.1,"[0, 0, 0]",1100,45341.7251479066,-28689.148284732022
56.6714755607553,-63.07939581645107,0,0.1,"[0, 0, 0]",1100,21713.980740878036,-42760.293628799904
32.9674320353729,23.40735077330409,0,0.1,"[0, 0, 0]",1100,49952.60584579913,21623.599148162157
36.893284811812634,-83.17331753505894,0,0.1,"[0, 0, 0]",1100,6564.389675672533,-54824.36740107664
49.2082308627979,51.724612008046535,0,0.1,"[0, 0, 0]",1100,32699.46421524634,41440.02290378779
44.965261969548784,-60.5787333396227,0,0.1,"[0, 0, 0]",1100,26736.86766990735,-47407.35628885993
31.659257950267346,-1.0498485653107963,0,0.1,"[0, 0, 0]",1100,53980.59579566878,-989.1827399204677
71.53203476533831,25.06012476978873,0,0.1,"[0, 0, 0]",1100,28403.20908441324,13280.47074678736
4.311423004287203,-57.36429562174109,0,0.1,"[0, 0, 0]",1100,8425.505397985378,-13154.896059646477
8.520836420369957,-76.16310700991454,0,0.1,"[0, 0, 0]",1100,6400.33812761086,-25980.958294956086
41.53577318757387,23.736330722644254,0,0.1,"[0, 0, 0]",1100,50480.55402882982,22197.16211556442
49.741666871422375,-4.040056369594296,0,0.1,"[0, 0, 0]",1100,52393.71215891497,-3700.450967367143
37.98812738436849,47.35421584775568,0,0.1,"[0, 0, 0]",1100,37461.44833409331,40672.653018856225
77.92443128870266,65.35527923809607,0,0.1,"[0, 0, 0]",1100,9003.07697143687,19621.763630193524
35.599902962591244,-83.80741371223402,0,0.1,"[0, 0, 0]",1100,5938.826539369372,-54723.71815682717
25.291646660325107,-37.10639417069195,0,0.1,"[0, 0, 0]",1100,40234.069848983694,-30434.874211561215
44.07881635556671,23.820902751002905,0,0.1,"[0, 0, 0]",1100,50009.223682169926,22078.05124348237
51.86923396559762,51.926291486901334,0,0.1,"[0, 0, 0]",1100,31664.36180953167,40419.96633872523
76.77337321477793,-5.5809489374721295,0,0.1,"[0, 0, 0]",1100,23340.58063535816,-2280.6156071061087
59.09812804878044,64.42242238444038,0,0.1,"[0, 0, 0]",1100,19803.7542464457,41373.079669812214
19.031232907784915,35.518283711505745,0,0.1,"[0, 0, 0]",1100,36174.25951070428,25819.55557450494
76.8878829083061,44.39670352707495,0,0.1,"[0, 0, 0]",1100,16625.85800346029,16278.390124783687
55.71384424658248,89.20145915551035,0,0.1,"[0, 0, 0]",1100,679.8955659181715,48708.00576693507
63.64625539951344,-32.57387095459081,0,0.1,"[0, 0, 0]",1100,34792.20109662737,-22227.349462565864
66.02725494937098,29.45468139067414,0,0.1,"[0, 0, 0]",1100,33565.52522470059,18954.86415683058
83.82589509315808,72.00436550141865,0,0.1,"[0, 0, 0]",1100,3529.5027572485374,10862.430888599047
65.3858451678634,-47.91822762320234,0,0.1,"[0, 0, 0]",1100,26344.344105297827,-29173.36476724542
79.12293183252713,-25.786323638106495,0,0.1,"[0, 0, 0]",1100,17652.869641385594,-8528.00894042785
88.63680863832433,18.509148191855104,0,0.1,"[0, 0, 0]",1100,2427.266164608804,812.2480880788978
5.929957888950472,-57.211707287876706,0,0.1,"[0, 0, 0]",1100,10984.600827427103,-17050.830917140767
0.03951094635647023,-16.279878290312013,0,0.1,"[0, 0, 0]",1100,164.24102175206716,-47.67231484962889
54.847291062589925,-66.1784871639103,0,0.1,"[0, 0, 0]",1100,19937.83364047928,-45156.25760023123
19.725464799735395,88.13657826631831,0,0.1,"[0, 0, 0]",1100,1472.3287816910672,45223.90350752508
29.559890866308265,-70.47340421364329,0,0.1,"[0, 0, 0]",1100,17743.251207106783,-50027.970089904746
7.899463458242563,61.77941452287189,0,0.1,"[0, 0, 0]",1100,11966.152929953867,22295.67752060491
69.34144412299236,-33.78708713844742,0,0.1,"[0, 0, 0]",1100,28555.744936084455,-19106.318877792055
33.915607190434834,44.008151743155764,0,0.1,"[0, 0, 0]",1100,39339.44448923951,37999.51200150788
50.20158485948758,-76.41691135030077,0,0.1,"[0, 0, 0]",1100,12280.553156701575,-50823.02208994381
2.941635294412409,57.238208660716566,0,0.1,"[0, 0, 0]",1100,6078.605619593667,9444.423714161152
79.75453128832342,67.55619504328072,0,0.1,"[0, 0, 0]",1100,7079.372669441175,17136.221410039903
18.600930305935766,74.7145317296577,0,0.1,"[0, 0, 0]",1100,11580.808993681607,42370.871711760316
76.57875335490984,-2.7339129003060947,0,0.1,"[0, 0, 0]",1100,23735.30361019775,-1133.3498301831694
45.677924046901204,17.445491752897098,0,0.1,"[0, 0, 0]",1100,51716.26990003116,16251.687871481505
82.45409653229046,64.7024135574159,0,0.1,"[0, 0, 0]",1100,5926.899829072665,12537.704934417758
41.476942602819946,71.57501687502895,0,0.1,"[0, 0, 0]",1100,17432.434298433694,52324.63795755606
40.576988978181326,-7.089499849428648,0,0.1,"[0, 0, 0]",1100,54823.94841794485,-6818.337666461905
69.35046129972031,-30.834552808946363,0,0.1,"[0, 0, 0]",1100,29491.69309233052,-17604.072106870928
89.79608525486181,-30.48819459889505,0,0.1,"[0, 0, 0]",1100,331.1426795323803,-194.374664988383
57.10379874231564,89.00452431987489,0,0.1,"[0, 0, 0]",1100,828.0381561139228,47596.36886950466
43.03797312413322,29.1583355907717,0,0.1,"[0, 0, 0]",1100,47942.175189506,26747.68479228215
76.96397142611423,-65.93816935677955,0,0.1,"[0, 0, 0]",1100,9437.867608836936,-21134.033253844053
1.1713749948211027,-32.9926181319188,0,0.1,"[0, 0, 0]",1100,4062.9036245781176,-2637.055950948837
89.71130253686707,-16.917244786425584,0,0.1,"[0, 0, 0]",1100,519.9177302088799,-157.82772517309286
18.398926903008224,-57.63887933647905,0,0.1,"[0, 0, 0]",1100,23379.005869722718,-36892.5802572751
14.329850220890428,-88.6999705329666,0,0.1,"[0, 0, 0]",1100,861.5763121796385,-37921.269809445366
88.70923125578086,-55.27766939784374,0,0.1,"[0, 0, 0]",1100,1381.0948770187713,-1991.443853946578
64.17351565206893,53.34835199749389,0,0.1,"[0, 0, 0]",1100,24296.144789851263,32651.907860160707
16.12794493283046,-63.57249088106748,0,0.1,"[0, 0, 0]",1100,18093.769277235268,-36403.35110972837
51.13015916609134,-49.12695201751161,0,0.1,"[0, 0, 0]",1100,33883.26140356235,-39151.45318370907
49.81321537228703,20.571979325555304,0,0.1,"[0, 0, 0]",1100,49140.876630228515,18443.043061732056
45.743880956733925,75.03188065047945,0,0.1,"[0, 0, 0]",1100,13996.598793306093,52348.78054181521
73.66751294205702,-54.690640664520124,0,0.1,"[0, 0, 0]",1100,16330.629523710239,-23054.83011124995
61.233558748217526,17.241045831230636,0,0.1,"[0, 0, 0]",1100,41855.547424385586,12989.011096291495
63.91188211435002,26.075041864997146,0,0.1,"[0, 0, 0]",1100,36820.25855761841,18017.685159853852
59.967249910634806,10.090374426253575,0,0.1,"[0, 0, 0]",1100,44363.16549221604,7894.416233774499
24.12661267884354,10.08928399291321,0,0.1,"[0, 0, 0]",1100,48768.68902736338,8677.438400403973
65.3576225575164,59.33194447339321,0,0.1,"[0, 0, 0]",1100,20067.059029705597,33838.056479858205
81.77372226744137,-20.511996967784967,0,0.1,"[0, 0, 0]",1100,14109.813592558508,-5278.383619870652
7.542119298324728,-29.791471701351924,0,0.1,"[0, 0, 0]",1100,21211.152943237386,-12142.807229860897
0.24789058166211575,62.85754465842308,0,0.1,"[0, 0, 0]",1100,484.3477550661959,942.8209625412063
48.755980871134234,-31.876208752347864,0,0.1,"[0, 0, 0]",1100,45008.633074139725,-27988.441122123833
54.624636540131185,86.79979784219256,0,0.1,"[0, 0, 0]",1100,2765.6682426544644,49446.58402555953
5.916300245131375,67.53375008175576,0,0.1,"[0, 0, 0]",1100,7737.449439634834,18708.603688514075
17.27888821807572,65.15676191579345,0,0.1,"[0, 0, 0]",1100,17747.387138551694,38330.706459820125
49.295546714780784,12.464844200534571,0,0.1,"[0, 0, 0]",1100,51502.41354831271,11384.439424408829
88.30123942056372,-1.1047148272254077,0,0.1,"[0, 0, 0]",1100,3187.2459905360024,-61.440836910305045
69.79226054352576,-46.068518748806056,0,0.1,"[0, 0, 0]",1100,23419.609380381014,-24308.49258556677
8.948172141606607,-18.922847056143326,0,0.1,"[0, 0, 0]",1100,26227.415244609434,-8990.841308699648
12.613109515099175,15.822347543540516,0,0.1,"[0, 0, 0]",1100,33709.32622763737,9552.696731656528
49.18882351291197,-37.292093297988714,0,0.1,"[0, 0, 0]",1100,42003.49797638294,-31988.057661880976
43.65890517202735,-28.72992113738829,0,0.1,"[0, 0, 0]",1100,48024.2772825842,-26324.48685907648
81.24751795585063,-46.2794839534018,0,0.1,"[0, 0, 0]",1100,11045.98516090091,-11549.567254247595
73.90481479552575,-72.36263141977838,0,0.1,"[0, 0, 0]",1100,8453.701213852422,-26585.71901504687
79.74453767111044,-69.2860009723871,0,0.1,"[0, 0, 0]",1100,6564.853310264709,-17357.718462230296
26.82366503330498,-36.969898617692564,0,0.1,"[0, 0, 0]",1100,41162.70985820749,-30983.62427867366
76.40795101552077,14.590685205624752,0,0.1,"[0, 0, 0]",1100,23258.841324508456,6054.176394159932
67.9571762125453,-80.46468774751035,0,0.1,"[0, 0, 0]",1100,5991.0910533449405,-35659.914973512765
42.068579993519904,-62.6874465590563,0,0.1,"[0, 0, 0]",1100,25269.20215129396,-48929.48080052028
23.787571779837744,5.6794913290634526,0,0.1,"[0, 0, 0]",1100,49010.269058705926,4874.05867463135
42.24420141265499,3.7459181977837943,0,0.1,"[0, 0, 0]",1100,54924.92865311736,3595.9748549278943
22.871269581846498,-57.04055037390257,0,0.1,"[0, 0, 0]",1100,26359.37188011233,-40650.88205812583
75.39052417766031,29.025766297846417,0,0.1,"[0, 0, 0]",1100,22411.87891976952,12435.731296014363
8.596060915668739,18.972152187455606,0,0.1,"[0, 0, 0]",1100,25467.937132818734,8755.12661126552
65.10815819293906,76.86091031796974,0,0.1,"[0, 0, 0]",1100,9009.812039880484,38593.76915935278
68.4970757319661,79.39621289623358,0,0.1,"[0, 0, 0]",1100,6527.286263118108,34860.15866154465
79.95837848283584,15.21861365608234,0,0.1,"[0, 0, 0]",1100,17557.77956535683,4776.1966696398395
7.425172407981573,63.89053180574447,0,0.1,"[0, 0, 0]",1100,10630.558709408073,21688.55636227299
51.8018732763316,34.257558459343215,0,0.1,"[0, 0, 0]",1100,42472.06668344442,28925.720938438546
60.14166211796525,45.8240536488988,0,0.1,"[0, 0, 0]",1100,31285.279226248742,32197.36370214868
50.98768215654855,-63.006447931189754,0,0.1,"[0, 0, 0]",1100,23538.71799032833,-46207.5287226442
20.150758715705066,-72.36114171002787,0,0.1,"[0, 0, 0]",1100,13855.759050460867,-43573.14230020777
9.395010662830876,-59.53170314756073,0,0.1,"[0, 0, 0]",1100,14557.861105165835,-24743.679587677434
28.932743712388504,5.493908588811038,0,0.1,"[0, 0, 0]",1100,52521.0138308705,5051.466756477801
64.21755520064484,63.86391669115497,0,0.1,"[0, 0, 0]",1100,17907.249212911964,36493.01266448921
84.22664570595627,-82.40154239174603,0,0.1,"[0, 0, 0]",1100,1415.6426717375414,-10604.427701613338
8.430684319666694,-45.20278502557115,0,0.1,"[0, 0, 0]",1100,18708.328713898714,-18840.05847572924
55.07436433991066,-0.7314404158454835,0,0.1,"[0, 0, 0]",1100,49192.12869221293,-628.0053869744678
45.57028580582419,52.02908682360135,0,0.1,"[0, 0, 0]",1100,33374.71555532863,42761.13566274604
88.46872441461267,-3.6876883313139075,0,0.1,"[0, 0, 0]",1100,2868.4506531076318,-184.8098438258907
0.44055874664024053,-87.75661826387966,0,0.1,"[0, 0, 0]",1100,74.23582227270717,-1869.4623404928532
39.39425227907532,83.37730784220167,0,0.1,"[0, 0, 0]",1100,6379.78927434837,54939.6807588834
73.90286194385858,-63.39356937585276,0,0.1,"[0, 0, 0]",1100,12496.46429447057,-24945.866256892084
18.86451088484431,7.209892793497275,0,0.1,"[0, 0, 0]",1100,43894.924915316216,5552.792176044472
74.95698671653669,-55.49652047687586,0,0.1,"[0, 0, 0]",1100,14898.607231616475,-21673.118623113176
75.96390837431042,-38.16955777153703,0,0.1,"[0, 0, 0]",1100,19446.711709476105,-15285.530473055604
80.62337362020158,-56.85674051629002,0,0.1,"[0, 0, 0]",1100,9327.51972556659,-14283.05722309606
65.27418519507685,-31.1014129418853,0,0.1,"[0, 0, 0]",1100,33769.8850135794,-20371.57189897318
29.84310425353423,-5.632701363850245,0,0.1,"[0, 0, 0]",1100,52962.517662352315,-5223.380152785617
81.83928999136064,-47.27917953437209,0,0.1,"[0, 0, 0]",1100,10142.87846831095,-10982.5821124458
8.500900486917121,-13.935716957237076,0,0.1,"[0, 0, 0]",1100,25926.71520209216,-6433.096447253125
45.38855938169396,-48.64476722458502,0,0.1,"[0, 0, 0]",1100,35878.436187270854,-40758.75168806059
43.9918287510044,3.6334692884958173,0,0.1,"[0, 0, 0]",1100,54577.49506562639,3465.670219780971
49.14639081858893,69.74287063472113,0,0.1,"[0, 0, 0]",1100,18287.936781231172,49549.923255536494
53.79001842174277,-68.0440819845036,0,0.1,"[0, 0, 0]",1100,18736.984668283883,-46475.979419610194
8.7646744666628,-66.16020771827917,0,0.1,"[0, 0, 0]",1100,11040.280084928274,-24982.38023698856
55.94816417408488,-46.45883857130847,0,0.1,"[0, 0, 0]",1100,33433.204552256895,-35179.09838861946
29.740100427210525,-16.292749929942318,0,0.1,"[0, 0, 0]",1100,51035.01809787483,-14916.32210181236
66.64266385124235,-62.178497328212856,0,0.1,"[0, 0, 0]",1100,17643.833661055287,-33432.171887231474
0.8543916449401379,11.36397619550219,0,0.1,"[0, 0, 0]",1100,3510.071131238069,705.2571720892159
27.33451942521977,-37.27159469411022,0,0.1,"[0, 0, 0]",1100,41257.880959260314,-31396.51732279103
81.85184748812682,-13.73027380019876,0,0.1,"[0, 0, 0]",1100,14501.562409275082,-3542.9594906087623
22.375444109013415,48.50764667659803,0,0.1,"[0, 0, 0]",1100,31796.012801010485,35947.39045391687
0.7403453883218147,85.8235217843802,0,0.1,"[0, 0, 0]",1100,227.7208612075045,3104.8007975016767
12.643564085283536,25.375764914186718,0,0.1,"[0, 0, 0]",1100,31705.257218854036,15037.857519704588
70.07082283537802,26.544631183613348,0,0.1,"[0, 0, 0]",1100,29860.190456997858,14916.295473424829
1.0396263939641603,7.443191526016463,0,0.1,"[0, 0, 0]",1100,4293.604639708229,560.8028217335305
9.65352851971725,-15.631141040350343,0,0.1,"[0, 0, 0]",1100,28183.41195623249,-7885.180511158677
73.87977067749496,83.21005236996024,0,0.1,"[0, 0, 0]",1100,3303.752649727341,27739.10897776282
13.516584185706787,-18.944072160586245,0,0.1,"[0, 0, 0]",1100,34616.33117677859,-11881.037074584472
55.88979186132194,-1.7248226458401774,0,0.1,"[0, 0, 0]",1100,48555.9066684048,-1462.1303194643308
35.18818605810044,81.7782794087531,0,0.1,"[0, 0, 0]",1100,7862.433212433715,54408.452213045835
52.17528735737316,83.19837194185862,0,0.1,"[0, 0, 0]",1100,6059.9207239139105,50799.358229698024
84.45102936100156,-39.409454612912356,0,0.1,"[0, 0, 0]",1100,7953.042485110988,-6534.042659275658
38.97592848451714,84.69740349732052,0,0.1,"[0, 0, 0]",1100,5112.962233827658,55078.14187043564
5.6267756463380945,89.61783446807641,0,0.1,"[0, 0, 0]",1100,130.7225559665075,19448.234128235068
62.17196900932811,-89.40975401333661,0,0.1,"[0, 0, 0]",1100,442.57690120590627,-42862.78389384259
64.5646070169592,-85.25855989900978,0,0.1,"[0, 0, 0]",1100,3328.573920788886,-40118.66410656589
9.785539579317762,-84.93675404897094,0,0.1,"[0, 0, 0]",1100,2608.5403674422464,-29429.873503629125
13.154297627438188,59.57671499935489,0,0.1,"[0, 0, 0]",1100,18221.5767043755,31027.323892587483
5.035117947634811,39.512872350714474,0,0.1,"[0, 0, 0]",1100,13710.815636411831,11306.673976266944
55.51570612339653,76.14603281128299,0,0.1,"[0, 0, 0]",1100,11701.412183976583,47442.59419443536
28.330377592121074,84.45979026762049,0,0.1,"[0, 0, 0]",1100,5063.229882911673,52189.338449657866
20.98336615141711,-9.904697797716864,0,0.1,"[0, 0, 0]",1100,45919.840262348676,-8017.905058666573
85.90299438922605,4.174241388213929,0,0.1,"[0, 0, 0]",1100,7620.752406820352,556.1156470536818
82.22182413906557,-27.590793160342855,0,0.1,"[0, 0, 0]",1100,12654.68054050483,-6612.541303386363
47.04297693334324,-64.11047470206228,0,0.1,"[0, 0, 0]",1100,23459.828474097292,-48333.482321027055
40.22544335743511,53.48923297066207,0,0.1,"[0, 0, 0]",1100,32885.95371441294,44424.00268047037
29.316155578662183,61.63267163773659,0,0.1,"[0, 0, 0]",1100,25163.61745706258,46600.78171290213
58.085482671581865,12.178558652268151,0,0.1,"[0, 0, 0]",1100,45718.82788480654,9866.637335195737
39.40195447052556,-74.0216647931758,0,0.1,"[0, 0, 0]",1100,15225.999240307227,-53171.43063146398
18.01238403333359,75.02587651758228,0,0.1,"[0, 0, 0]",1100,11161.136708873728,41725.566243173256
23.632711603962118,86.86961031723877,0,0.1,"[0, 0, 0]",1100,2683.334002774144,49046.119556760095
69.49985355095183,4.751592576337103,0,0.1,"[0, 0, 0]",1100,34029.97736648709,2828.542362078009
78.27209228444653,42.71591208785577,0,0.1,"[0, 0, 0]",1100,15442.931674998112,14257.34668210589
87.5794570246702,70.81855017225575,0,0.1,"[0, 0, 0]",1100,1490.8934109893708,4282.855303106126
26.20744734961221,-9.492568052085844,0,0.1,"[0, 0, 0]",1100,50407.280919953424,-8428.263704045874
21.098933704442132,-51.0280643170905,0,0.1,"[0, 0, 0]",1100,29393.379440094286,-36332.477529648626
8.082251910434842,-73.06600916244342,0,0.1,"[0, 0, 0]",1100,7497.490473101178,-24621.207746109172
37.49786847168199,-26.689233588322168,0,0.1,"[0, 0, 0]",1100,49379.930424982835,-24823.264797648288
86.41544400096532,-44.77237230899934,0,0.1,"[0, 0, 0]",1100,4753.929184312714,-4715.248334094788
67.39494806448302,-17.10224757069335,0,0.1,"[0, 0, 0]",1100,35241.22743320263,-10842.684788834831
7.128081452263548,-86.87235424046233,0,0.1,"[0, 0, 0]",1100,1278.5075850563753,-23379.457662663466
35.11829076965823,-70.12648862901219,0,0.1,"[0, 0, 0]",1100,18684.476014283897,-51686.82566280777
61.64719456522819,26.731317843207577,0,0.1,"[0, 0, 0]",1100,38767.71638120661,19524.184372380598
45.37166998323738,85.56870720808519,0,0.1,"[0, 0, 0]",1100,4196.818832031688,54142.933374086235
23.07920243766307,-24.242815172040906,0,0.1,"[0, 0, 0]",1100,44347.82573820898,-19969.774098505124
10.569587795516656,44.60923404485243,0,0.1,"[0, 0, 0]",1100,22188.11523038012,21886.52164402997
50.02379168064142,-81.86668334023608,0,0.1,"[0, 0, 0]",1100,7411.361372610225,-51851.05764559877
30.297212339371757,71.16010171637481,0,0.1,"[0, 0, 0]",1100,17254.339125564904,50565.90195749256
34.375208284267615,-39.98831497338783,0,0.1,"[0, 0, 0]",1100,41991.19607439586,-35219.14455552836
78.30979715730449,-37.69099270081091,0,0.1,"[0, 0, 0]",1100,16583.18857887118,-12811.992596865673
37.836996058641716,-56.648922316501285,0,0.1,"[0, 0, 0]",1100,30396.464548572203,-46182.65886288922
51.45127878543685,-59.14099341863222,0,0.1,"[0, 0, 0]",1100,26464.2183197396,-44288.225756413216
35.06273015566774,76.48944707570135,0,0.1,"[0, 0, 0]",1100,12838.592460760403,53429.06682089984
71.11677950553052,-5.9533197137222515,0,0.1,"[0, 0, 0]",1100,31765.880550353424,-3312.4404265609737
64.69531138416338,-57.888678206539986,0,0.1,"[0, 0, 0]",1100,21320.644042161035,-33971.413576065774
39.652498467118235,-42.68161055187825,0,0.1,"[0, 0, 0]",1100,40654.326438095646,-37489.39817235095
15.631172626953965,-18.375837504577703,0,0.1,"[0, 0, 0]",1100,37895.324685943735,-12587.820481311017
10.854817998658232,-67.55839368231631,0,0.1,"[0, 0, 0]",1100,12115.763456953813,-29331.71237560044
39.71737479065848,-31.904680647914965,0,0.1,"[0, 0, 0]",1100,46945.19150829723,-29225.360358335398
23.996877324593143,2.114448929851548,0,0.1,"[0, 0, 0]",1100,49393.767065947715,1823.623349106602
69.08815294563699,56.49937229778709,0,0.1,"[0, 0, 0]",1100,19149.54781430358,28929.6113227931
44.89728268760099,61.82085889581654,0,0.1,"[0, 0, 0]",1100,25712.15231922745,47993.04221225546
20.094206023841203,-43.78175163055295,0,0.1,"[0, 0, 0]",1100,32966.95892313001,-31592.582439552734
25.09504639340534,-52.55159453506601,0,0.1,"[0, 0, 0]",1100,30585.612348271163,-39932.54514699026
20.70888552589594,-26.753799819821396,0,0.1,"[0, 0, 0]",1100,41367.39865348159,-20853.742823328583
88.58722843404236,49.51855721606299,0,0.1,"[0, 0, 0]",1100,1722.3523459197927,2016.7669652415952
4.422411174375361,-72.78915150499618,0,0.1,"[0, 0, 0]",1100,4722.851362538809,-15243.521163114958
26.208575805613282,-30.144506115123427,0,0.1,"[0, 0, 0]",1100,44196.24557949133,-25664.749821165624
5.333617804528431,-10.085576956813242,0,0.1,"[0, 0, 0]",1100,18339.082233368412,-3261.691493248145
15.541261956717582,4.2866146901588,0,0.1,"[0, 0, 0]",1100,39687.0868214498,2974.68823112456
21.027992118415934,67.25511550526113,0,0.1,"[0, 0, 0]",1100,18041.057409161524,43031.42665163741
6.699861718840595,81.84977013440513,0,0.1,"[0, 0, 0]",1100,3165.81426309222,22098.24760566557
27.930005589302024,59.23668632992812,0,0.1,"[0, 0, 0]",1100,26703.18878904175,44858.61879310088
23.71109773714127,4.135526787123496,0,0.1,"[0, 0, 0]",1100,49059.16974243998,3547.109972264225
78.47439574258011,37.52948019522056,0,0.1,"[0, 0, 0]",1100,16403.656156392008,12599.614799817058
71.37820176530877,71.82787126072387,0,0.1,"[0, 0, 0]",1100,9847.013128680344,29995.988627122908
24.666712227184632,59.1886284465148,0,0.1,"[0, 0, 0]",1100,25595.48143485748,42915.77397498179
85.77404560775727,-75.07497795169391,0,0.1,"[0, 0, 0]",1100,2029.7877433536537,-7611.354371429232
52.08683083552774,34.827572850749476,0,0.1,"[0, 0, 0]",1100,42040.909579743406,29248.51218053254
83.98101332254016,6.261810390666739,0,0.1,"[0, 0, 0]",1100,11076.325870930865,1215.25584658099
25.66080504838989,-58.687977924272516,0,0.1,"[0, 0, 0]",1100,26359.870397118306,-43332.14369483184
16.140188978054535,21.908367018458847,0,0.1,"[0, 0, 0]",1100,37733.380334505506,15174.720599634897
72.46619676135369,9.182101557413503,0,0.1,"[0, 0, 0]",1100,29634.093109351343,4790.014454735981
26.117682532562235,58.56095428308137,0,0.1,"[0, 0, 0]",1100,26625.037834297065,43550.410857658084
70.23550283996826,2.279039392713699,0,0.1,"[0, 0, 0]",1100,33128.3859170635,1318.3948457967274
2.033326374328902,17.587248409686907,0,0.1,"[0, 0, 0]",1100,7684.996790645455,2435.625279387896
19.314417662399215,59.317406274961655,0,0.1,"[0, 0, 0]",1100,22849.185910564913,38507.37433054611
72.19291638724894,21.932862096433936,0,0.1,"[0, 0, 0]",1100,28211.777134208365,11359.459147319769
20.623324573820074,-59.785763423322834,0,0.1,"[0, 0, 0]",1100,23267.89858252769,-39953.35560797031
44.853998905318534,-24.36175406097638,0,0.1,"[0, 0, 0]",1100,49610.571182988766,-22463.708585608565
19.01725032960051,77.14200275825891,0,0.1,"[0, 0, 0]",1100,9887.384277002953,43312.102536035934
43.55199983866865,-87.61004377683143,0,0.1,"[0, 0, 0]",1100,2285.7415923882154,-54741.21631277055
75.4145071146055,47.436037517563136,0,0.1,"[0, 0, 0]",1100,17312.24697474924,18849.621176597306
43.95561284979235,-32.512934137736124,0,0.1,"[0, 0, 0]",1100,46123.856924931424,-29398.0028684124
63.312886092804,-76.04488941700433,0,0.1,"[0, 0, 0]",1100,10045.50113571139,-40421.00960012946
11.989709455998543,-38.2265882043149,0,0.1,"[0, 0, 0]",1100,26636.82855887507,-20979.994591655683
79.26445642240763,-72.84730316757143,0,0.1,"[0, 0, 0]",1100,5712.626952047837,-18505.29326264706
12.160496230020701,-85.21124140967427,0,0.1,"[0, 0, 0]",1100,2857.7744220123996,-34100.51087436628
61.74535711860056,27.789069539971635,0,0.1,"[0, 0, 0]",1100,38311.99973710726,20189.75930148575
40.83514375327596,-19.796362038462178,0,0.1,"[0, 0, 0]",1100,51959.95569758653,-18702.470025310497
62.96461450824123,-79.96517265239112,0,0.1,"[0, 0, 0]",1100,7324.058559672281,-41383.88275939198
11.668833210439864,29.499214227674443,0,0.1,"[0, 0, 0]",1100,28990.978350642334,16401.21575329468
57.39688617988568,-36.73373344442675,0,0.1,"[0, 0, 0]",1100,37955.711572884305,-28325.054876643633
56.40879597656477,89.78675425901,0,0.1,"[0, 0, 0]",1100,180.27513978831027,48168.190396336846
76.88742591408163,6.193492352758611,0,0.1,"[0, 0, 0]",1100,23133.321385635252,2510.3159425693784
37.0158438936538,-69.02718617910432,0,0.1,"[0, 0, 0]",1100,19768.593295136037,-51568.98848029426
11.746802459509873,34.794248295100985,0,0.1,"[0, 0, 0]",1100,27474.005701404636,19090.146541610593
83.62838973854159,12.1791799731635,0,0.1,"[0, 0, 0]",1100,11512.024187769744,2484.3934826402087
5.879117497103731,28.094498770108217,0,0.1,"[0, 0, 0]",1100,17771.215480398583,9486.218883094403
40.05887411617406,30.782215864203735,0,0.1,"[0, 0, 0]",1100,47494.34284354675,28291.738078394752
30.106581892740042,-10.24324233003388,0,0.1,"[0, 0, 0]",1100,52492.48858191806,-9485.594799915354
27.4430374533502,-89.70838769214261,0,0.1,"[0, 0, 0]",1100,265.2102489025977,-51910.66470119832
10.642015267451697,-62.43322630763225,0,0.1,"[0, 0, 0]",1100,14491.257033724869,-27756.46047714183
18.069494725123445,-50.933935421080314,0,0.1,"[0, 0, 0]",1100,27267.028443663396,-33591.02268529122
74.54433121291785,2.963336722450123,0,0.1,"[0, 0, 0]",1100,26895.978927731252,1392.2494673077456
49.461394860687804,-25.783003389534116,0,0.1,"[0, 0, 0]",1100,47421.63844843057,-22906.34346319075
29.88182573837564,-57.66614469998174,0,0.1,"[0, 0, 0]",1100,28474.810036484345,-44981.66395199768
48.65571212423883,-55.179005642914156,0,0.1,"[0, 0, 0]",1100,30291.439394202167,-43547.643316536465
39.964629586788725,56.75728635142414,0,0.1,"[0, 0, 0]",1100,30308.409526284904,46239.30497177424
44.00338491664851,2.8878334251505464,0,0.1,"[0, 0, 0]",1100,54615.15268475044,2755.0068477426867
26.773575153321605,-21.675423584279926,0,0.1,"[0, 0, 0]",1100,47847.321788216635,-19016.57331413596
70.51814477493582,-42.52917260579134,0,0.1,"[0, 0, 0]",1100,24147.856577095223,-22148.85057755897
39.58767572097959,-5.509640426707861,0,0.1,"[0, 0, 0]",1100,55048.52912967254,-5309.772587642556
52.020640914286346,-50.6984695961247,0,0.1,"[0, 0, 0]",1100,32465.27771477934,-39660.928249845376
74.10619717359474,59.63916767989403,0,0.1,"[0, 0, 0]",1100,13948.582071163868,23810.355995159367
36.262414564319116,59.2432120223759,0,0.1,"[0, 0, 0]",1100,28201.29393821691,47387.65502818699
61.59946156423893,54.38804078443863,0,0.1,"[0, 0, 0]",1100,25304.104973941474,35327.421963276174
48.716646659028676,55.236083226332966,0,0.1,"[0, 0, 0]",1100,30232.092296270646,43555.34651393252
25.115299914182405,20.769124643609047,0,0.1,"[0, 0, 0]",1100,47046.51295177081,17841.909956989693
5.869541255429176,-29.173552872011022,0,0.1,"[0, 0, 0]",1100,17566.58066346671,-9806.333903557788
47.53526272611127,-81.07178538339201,0,0.1,"[0, 0, 0]",1100,8308.87785522408,-52882.239600180736
19.598796850980385,-64.7378142403709,0,0.1,"[0, 0, 0]",1100,19249.506152067406,-40789.64968619566
31.106026925708857,40.08067647673974,0,0.1,"[0, 0, 0]",1100,41145.16360462908,34622.89377435988
72.22380849537349,-45.236694577345546,0,0.1,"[0, 0, 0]",1100,21385.178266526706,-21561.553297620456
21.31430027872384,-30.37028113550054,0,0.1,"[0, 0, 0]",1100,40511.41293673027,-23739.069459305178
2.2844950345259463,-19.926714446861638,0,0.1,"[0, 0, 0]",1100,8424.127694144789,-3053.5436692468584
51.42448772949684,63.94510643178859,0,0.1,"[0, 0, 0]",1100,22668.94341710307,46363.38035300713
28.592227426537693,11.337679778202201,0,0.1,"[0, 0, 0]",1100,51554.445762826675,10336.656721936808
47.54631793600906,-18.578415321877742,0,0.1,"[0, 0, 0]",1100,50738.35774066168,-17053.512947787578
84.53894034597243,88.66631377747083,0,0.1,"[0, 0, 0]",1100,236.84132141013558,10130.022721800153
30.254316077560425,-39.40093753453853,0,0.1,"[0, 0, 0]",1100,41271.38761134314,-33900.78230146127
8.13249708811194,-71.94591046036764,0,0.1,"[0, 0, 0]",1100,8014.044059397906,-24582.57742729528
66.79617981234496,63.444877746623405,0,0.1,"[0, 0, 0]",1100,16816.50696145897,33645.58897317013
41.99464861766615,-25.74885602247322,0,0.1,"[0, 0, 0]",1100,49612.357371289094,-23928.08596524254
87.91620143755515,23.212703578236045,0,0.1,"[0, 0, 0]",1100,3591.227125786086,1539.7156517829355
3.4706573941063024,-49.7091387247499,0,0.1,"[0, 0, 0]",1100,8394.338231743372,-9900.106067241773
57.900962762671774,53.09240289956796,0,0.1,"[0, 0, 0]",1100,28183.77691324916,37525.570770544706
2.4504974278422,59.375735048127524,0,0.1,"[0, 0, 0]",1100,4862.832528856689,8212.969493246292
8.795877437817678,-74.83257532838653,0,0.1,"[0, 0, 0]",1100,7165.538483034419,-26428.891062708346
24.890785950568606,-66.69442903212764,0,0.1,"[0, 0, 0]",1100,19839.40152476601,-46051.28197981003
18.029581575124965,-72.98155859340685,0,0.1,"[0, 0, 0]",1100,12648.870483831672,-41321.65159887318
6.470750359508908,38.29677506031874,0,0.1,"[0, 0, 0]",1100,17052.78419501715,13465.129379522105
64.63177846779708,-60.74442229180629,0,0.1,"[0, 0, 0]",1100,19637.152294688734,-35054.83949138636
22.785795462326476,39.54841410528218,0,0.1,"[0, 0, 0]",1100,37299.34099810056,30799.349545446603
42.45387822549238,19.30654051103008,0,0.1,"[0, 0, 0]",1100,51914.124699483655,18186.370800511082
20.630869584313196,56.972587620950065,0,0.1,"[0, 0, 0]",1100,25205.145869095344,38770.35940578498
23.381255049000195,-35.220960862450006,0,0.1,"[0, 0, 0]",1100,39950.93386651708,-28203.364479338346
34.00459983063978,60.387777748726194,0,0.1,"[0, 0, 0]",1100,27037.99679982953,47570.09101501061
38.43035717179935,50.849457851413945,0,0.1,"[0, 0, 0]",1100,34921.47630576281,42892.274433649996
68.04432870760206,-41.36542918598202,0,0.1,"[0, 0, 0]",1100,27055.883092538435,-23822.751820425823
73.59432106667883,-24.305457241630293,0,0.1,"[0, 0, 0]",1100,25848.61096848725,-11673.563691465944
24.45913825494165,80.84120161971501,0,0.1,"[0, 0, 0]",1100,7928.298533359513,49168.62276794552
81.32658581562055,52.26272962312831,0,0.1,"[0, 0, 0]",1100,9697.875576763712,12529.437955723166
75.5006112864025,-45.760872020829964,0,0.1,"[0, 0, 0]",1100,17762.49427220458,-18239.585971198656
42.33456293606742,44.17082959669338,0,0.1,"[0, 0, 0]",1100,39469.74357568718,38342.59838973631
54.292819304672875,-22.979750348997655,0,0.1,"[0, 0, 0]",1100,45812.832753559946,-19426.644904706412
65.83090293234855,-14.699870217436725,0,0.1,"[0, 0, 0]",1100,37513.04575820708,-9840.907138613067
35.530414832571864,53.540225639845204,0,0.1,"[0, 0, 0]",1100,32705.51510409029,44262.57241590654
3.9495946821399333,45.50189711725574,0,0.1,"[0, 0, 0]",1100,10166.757293754923,10345.434953552434
36.46187702932841,-10.653317991520268,0,0.1,"[0, 0, 0]",1100,54219.1173725211,-10198.792177059331
16.464757059451834,83.37527451861891,0,0.1,"[0, 0, 0]",1100,4745.827494347126,40853.92528111078
9.353353583045125,75.65541352493472,0,0.1,"[0, 0, 0]",1100,7091.1351008510655,27725.54671086411
15.910466847345925,-71.26120548720584,0,0.1,"[0, 0, 0]",1100,12960.022124130204,-38200.20917992284
42.53587475730065,79.26827278594641,0,0.1,"[0, 0, 0]",1100,10241.147117655648,54030.43473770667
15.147127318625543,-4.463604941716696,0,0.1,"[0, 0, 0]",1100,39087.62378888896,-3051.187593728178
79.24949767044627,-61.784447541351724,0,0.1,"[0, 0, 0]",1100,9169.272505853352,-17087.529084110785
59.66049412661406,60.08173518291471,0,0.1,"[0, 0, 0]",1100,22619.086302008323,39305.057567327254
15.55790175761318,-51.42891825528943,0,0.1,"[0, 0, 0]",1100,24829.475864827993,-31134.272261011633
23.108978421789875,-18.20063055624749,0,0.1,"[0, 0, 0]",1100,46228.74041213696,-15199.238634374693
31.244473004747878,82.62011179035076,0,0.1,"[0, 0, 0]",1100,6915.188612669731,53383.00765704175
89.02628939571098,-64.9939440534022,0,0.1,"[0, 0, 0]",1100,773.9117408336257,-1657.0553715685394
70.86427797746815,-49.41531438633897,0,0.1,"[0, 0, 0]",1100,21007.091097951765,-24521.346076299476
40.5917310091254,23.57372814230675,0,0.1,"[0, 0, 0]",1100,50634.774306895204,22093.708969109914
38.444063305489244,-50.43923501256785,0,0.1,"[0, 0, 0]",1100,35227.86974762155,-42641.1038622847
6.975783636297094,-61.10675022525865,0,0.1,"[0, 0, 0]",1100,11128.657896747854,-20162.995131327967
56.92615012749214,0.39622137753779896,0,0.1,"[0, 0, 0]",1100,47749.78961780757,330.20569664219875
87.49275217000991,-65.78327725338947,0,0.1,"[0, 0, 0]",1100,1927.3035647084446,-4282.854763016829
36.97024569566824,-51.05514444501301,0,0.1,"[0, 0, 0]",1100,34713.283361289,-42950.00785013544
30.314939224040515,28.232158976318857,0,0.1,"[0, 0, 0]",1100,47080.41733567595,25277.794324712107
11.986499715303392,20.991565181094217,0,0.1,"[0, 0, 0]",1100,31651.585807675172,12144.175851223046
23.164186693298266,39.81061807190693,0,0.1,"[0, 0, 0]",1100,37419.41238111356,31187.595707470395
35.16974796062265,-11.145943902903667,0,0.1,"[0, 0, 0]",1100,53934.17595087472,-10626.071691804415
45.47520697754821,3.880239947590539,0,0.1,"[0, 0, 0]",1100,54149.702957280875,3672.7271814028013
70.41357807018753,62.99682115936528,0,0.1,"[0, 0, 0]",1100,14943.538251795188,29322.36066655946
49.85178371137849,66.75979774745264,0,0.1,"[0, 0, 0]",1100,20703.861654168093,48209.944376031606
14.014121093590347,-21.388272810589243,0,0.1,"[0, 0, 0]",1100,34845.16707020861,-13646.842501725236
74.83367160494,26.389506811858823,0,0.1,"[0, 0, 0]",1100,23729.619817430405,11773.573138463538
35.982599211356295,71.13985235825217,0,0.1,"[0, 0, 0]",1100,17814.258248984595,52146.59830017662
48.56833870445167,50.228997327137904,0,0.1,"[0, 0, 0]",1100,33961.55921924484,40802.701713049275
8.613226371129532,51.64821101009383,0,0.1,"[0, 0, 0]",1100,16734.95878862825,21149.535215976342
74.8256298163339,-78.92032059777435,0,0.1,"[0, 0, 0]",1100,5093.854065156669,-26007.090146194983
87.36494210063599,-15.865893593746023,0,0.1,"[0, 0, 0]",1100,4747.113850672471,-1348.9021615226177
83.89199117556456,32.67737072370264,0,0.1,"[0, 0, 0]",1100,9514.320867920476,6102.138874807272
75.567473419866,-87.51128776725355,0,0.1,"[0, 0, 0]",1100,1101.9682300597103,-25330.763484814433
31.006408553281773,79.45738222325863,0,0.1,"[0, 0, 0]",1100,9832.345649822033,52825.87560613466
10.776157525979023,-10.216507996945253,0,0.1,"[0, 0, 0]",1100,31079.608984847007,-5601.075286525669
84.99438058202685,55.415821208125834,0,0.1,"[0, 0, 0]",1100,5282.311041019208,7660.220728134665
30.444201278272622,67.87268227975596,0,0.1,"[0, 0, 0]",1100,20150.289268472356,49553.92364679226
23.549770181526544,62.54184774781848,0,0.1,"[0, 0, 0]",1100,22617.18377007763,43522.86795532386
79.05316003188835,85.81176563811181,0,0.1,"[0, 0, 0]",1100,1441.2709081735761,19668.0518648188
48.64235879100319,70.46906755559735,0,0.1,"[0, 0, 0]",1100,17737.392703869744,50000.224434351185
46.045919854634434,-5.979860230693063,0,0.1,"[0, 0, 0]",1100,53793.71576958891,-5634.70676556474
37.63547838558721,-72.39967798393775,0,0.1,"[0, 0, 0]",1100,16715.200213995984,-52688.55314172091
10.61994946806703,-14.291433533022087,0,0.1,"[0, 0, 0]",1100,30300.24526484293,-7718.230230567045
17.040298519392017,-1.0364141205013198,0,0.1,"[0, 0, 0]",1100,41913.99936735598,-758.2286621270476
14.400647308363864,-60.05684623367749,0,0.1,"[0, 0, 0]",1100,18990.35944266376,-32965.79107577096
7.715128491508446,-58.55251701289449,0,0.1,"[0, 0, 0]",1100,12971.202976423172,-21208.865039721422
31.64649833260312,52.806788865574674,0,0.1,"[0, 0, 0]",1100,32634.514134060304,43003.64678771291
28.993316057724893,16.07839743237797,0,0.1,"[0, 0, 0]",1100,50730.09355566087,14621.482592512368
86.75305046270279,55.37643918386223,0,0.1,"[0, 0, 0]",1100,3450.085685728106,4995.338354831193
60.68462350275378,8.23540577997278,0,0.1,"[0, 0, 0]",1100,43910.96024411359,6355.221899811808
39.74489390633961,-84.26817136231749,0,0.1,"[0, 0, 0]",1100,5523.652919244127,-55020.26532215412
48.33710253206099,-24.686069942166014,0,0.1,"[0, 0, 0]",1100,48330.183036553506,-22214.638948703767
64.75044284353756,-33.07503015011612,0,0.1,"[0, 0, 0]",1100,33556.20240714601,-21853.29247514178
86.62854500249388,-22.705963541062175,0,0.1,"[0, 0, 0]",1100,5813.63417027679,-2432.168515322261
3.5166845699795255,57.48712637658744,0,0.1,"[0, 0, 0]",1100,7057.2878417595675,11070.663304674508
82.34806093940489,-51.027727460061364,0,0.1,"[0, 0, 0]",1100,8840.694409531287,-10926.758577297445
79.86052388496714,57.730953339142644,0,0.1,"[0, 0, 0]",1100,9803.841908934417,15525.125733768207
80.5305766712254,6.963505476245231,0,0.1,"[0, 0, 0]",1100,17091.907673915244,2087.4502914702844
19.15848204776629,-73.97071928211567,0,0.1,"[0, 0, 0]",1100,12314.424000044102,-42859.15142421593
30.175319467725725,38.28607543223953,0,0.1,"[0, 0, 0]",1100,41895.03027844067,33069.38287652447
49.756259397673624,4.948659765207665,0,0.1,"[0, 0, 0]",1100,52321.078269890386,4530.1768415009055
12.635269900161122,-62.56787540143696,0,0.1,"[0, 0, 0]",1100,16160.022996248701,-31130.82965011337
8.863776719154174,-69.61898709875454,0,0.1,"[0, 0, 0]",1100,9590.678825881312,-25811.972174511015
20.175616026353186,73.66207758662637,0,0.1,"[0, 0, 0]",1100,12870.607722889637,43902.73767929518
56.82329347504421,19.296475198535077,0,0.1,"[0, 0, 0]",1100,45147.80921933942,15807.069789932513
10.941074347578098,5.120709308137975,0,0.1,"[0, 0, 0]",1100,31779.561548224567,2847.7391453658574
71.30236243949047,69.42807576106449,0,0.1,"[0, 0, 0]",1100,11131.827617814652,29657.204216904036
16.4272543969762,22.321192061013093,0,0.1,"[0, 0, 0]",1100,37999.1188427248,15600.585227429112
83.06257147876032,23.583248813068394,0,0.1,"[0, 0, 0]",1100,11720.885110832098,5116.2119435000905
81.22512370191241,-64.39447256015416,0,0.1,"[0, 0, 0]",1100,6924.256184333941,-14446.262819110347
52.039640104401656,0.39772294220787785,0,0.1,"[0, 0, 0]",1100,51242.08371055385,355.69953128741264
87.21250245662289,-70.94108725370003,0,0.1,"[0, 0, 0]",1100,1704.7635517882131,-4931.558658599773
87.49452324063739,-20.65163270374174,0,0.1,"[0, 0, 0]",1100,4392.283493483865,-1655.0846137703425
87.62864226950673,56.88575858960391,0,0.1,"[0, 0, 0]",1100,2428.220098794649,3721.3259019540114
29.27415712137931,68.59134644042467,0,0.1,"[0, 0, 0]",1100,19324.65852597446,49286.25191766409
34.80313597437907,-9.38637078810693,0,0.1,"[0, 0, 0]",1100,54163.893486044704,-8953.330321716789
52.93343732079002,61.26261025940644,0,0.1,"[0, 0, 0]",1100,24368.284596990656,44438.88546572478
69.23721335617368,52.93936942302054,0,0.1,"[0, 0, 0]",1100,20790.16844647329,27527.50273947554
72.75778309299417,78.7459218153625,0,0.1,"[0, 0, 0]",1100,5776.5883158483975,29025.045968203336
25.95442593104616,-6.086071429929618,0,0.1,"[0, 0, 0]",1100,50643.43019837763,-5399.61728891751
79.80047694476693,-19.00081297052182,0,0.1,"[0, 0, 0]",1100,17457.80545830214,-6011.108288272978
7.396811049405986,79.15704507946876,0,0.1,"[0, 0, 0]",1100,4531.508265951607,23653.399491518943
34.306001869932714,-70.6631973478631,0,0.1,"[0, 0, 0]",1100,18142.761884787313,-51697.817267954335
35.505054473937,-7.101252038909138,0,0.1,"[0, 0, 0]",1100,54608.76349817954,-6802.874224086977
85.63698319036232,75.36206646580911,0,0.1,"[0, 0, 0]",1100,2055.231158953994,7864.964407951049
62.488719660674654,-14.389131457865147,0,0.1,"[0, 0, 0]",1100,41200.00597403134,-10569.684308517208
54.40013030792575,40.329330333138984,0,0.1,"[0, 0, 0]",1100,37877.42385044807,32154.89219634522
88.82772985121719,-86.13583990527843,0,0.1,"[0, 0, 0]",1100,149.31555303540796,-2195.805596777717
23.860606653685174,-62.242797196678076,0,0.1,"[0, 0, 0]",1100,22967.132536666326,-43637.88409192875
64.96093136784089,-79.90378961585995,0,0.1,"[0, 0, 0]",1100,6978.319889077144,-39185.230354091174
87.73161283084063,19.577490632655994,0,0.1,"[0, 0, 0]",1100,4006.184027779919,1424.4091296503361
15.846191179235506,-81.15227543050156,0,0.1,"[0, 0, 0]",1100,6191.112816088638,-39766.56032786263
51.73231042993149,-51.59479691531779,0,0.1,"[0, 0, 0]",1100,31948.52686459443,-40299.6706756647
81.13629877494827,-3.982335834871762,0,0.1,"[0, 0, 0]",1100,16135.587278021376,-1123.2247244513133
59.43482003797438,1.3685479473516011,0,0.1,"[0, 0, 0]",1100,45546.47097316014,1088.090918354953
56.78950836844674,82.2588096868572,0,0.1,"[0, 0, 0]",1100,6447.889633938802,47425.4213576697
72.31617132082258,-14.981444676357512,0,0.1,"[0, 0, 0]",1100,29207.79830538907,-7815.773185388065
6.238702664732188,82.94528981705227,0,0.1,"[0, 0, 0]",1100,2594.1216519783898,20953.850689548086
72.1405864753889,44.12533494567762,0,0.1,"[0, 0, 0]",1100,21885.19993547499,21226.037194200606
16.531745137800087,74.48540815760015,0,0.1,"[0, 0, 0]",1100,11027.250299124154,39720.08981308229
41.044794252887804,-42.05833034551146,0,0.1,"[0, 0, 0]",1100,40986.13413210158,-36978.46252824605
79.82910587660137,-15.397344383670088,0,0.1,"[0, 0, 0]",1100,17754.317541449356,-4889.184506716594
30.47465087515681,87.86094751696925,0,0.1,"[0, 0, 0]",1100,1998.1471864457226,53469.90682427978
46.06982132820055,63.048183447313704,0,0.1,"[0, 0, 0]",1100,24511.77972711951,48205.28809168113
64.90479139098576,-7.993406890520262,0,0.1,"[0, 0, 0]",1100,39480.255346551865,-5543.742812418079
65.29962788084195,-10.88235287000525,0,0.1,"[0, 0, 0]",1100,38700.50314554507,-7439.904231878665
88.20464029790396,-67.5641586904662,0,0.1,"[0, 0, 0]",1100,1286.2051427295003,-3112.5841747965824
36.87568612694623,-34.908100577067884,0,0.1,"[0, 0, 0]",1100,45281.04085969427,-31597.231845382637
1.9993088614368326,-81.03330711860764,0,0.1,"[0, 0, 0]",1100,1238.1736713882347,-7840.691224444689
76.1215708244165,-87.77192470431144,0,0.1,"[0, 0, 0]",1100,952.9531322580187,-24467.450356137637
32.314324701022194,-48.72710106114219,0,0.1,"[0, 0, 0]",1100,35768.19510379608,-40751.474530240455
46.32167501784071,12.823226955477722,0,0.1,"[0, 0, 0]",1100,52646.17258889028,11983.135085532766
79.91675454767457,-2.09431148630118,0,0.1,"[0, 0, 0]",1100,18254.345218870494,-667.4998661262147
71.80804257129586,-76.29844160641642,0,0.1,"[0, 0, 0]",1100,7334.891260082399,-30080.880345873382
37.33225181576926,-71.33788655832993,0,0.1,"[0, 0, 0]",1100,17681.939004869007,-52349.77689239008
48.641930398113544,57.772194877625054,0,0.1,"[0, 0, 0]",1100,28293.478190159512,44879.377489691746
50.9396315546383,55.37010506873639,0,0.1,"[0, 0, 0]",1100,29485.667789999276,42692.78472835432
60.170708639393034,12.44480151382254,0,0.1,"[0, 0, 0]",1100,43811.99741118188,9668.391995984257
52.57237904338038,33.541479605283584,0,0.1,"[0, 0, 0]",1100,42435.490921630575,28130.977220290777
28.250028381126437,42.701302232214374,0,0.1,"[0, 0, 0]",1100,38501.56400170419,35528.91812607758
61.46097063898479,88.01633043531876,0,0.1,"[0, 0, 0]",1100,1510.017209798504,43568.63200012872
27.53278264267653,27.818360055103483,0,0.1,"[0, 0, 0]",1100,45962.2600434105,24251.44870217962
11.706115967180548,-55.26912695502175,0,0.1,"[0, 0, 0]",1100,19017.241437439177,-27430.894441533954
34.719054845155114,-55.066308976783496,0,0.1,"[0, 0, 0]",1100,31427.058155122864,-44991.69976487604
55.52659509283259,-55.972060615628415,0,0.1,"[0, 0, 0]",1100,27340.573735183927,-40489.55440854828
82.8482008693883,-81.19765741159328,0,0.1,"[0, 0, 0]",1100,2016.2541288072498,-13014.058572083906
31.34661427499163,-83.28309729797257,0,0.1,"[0, 0, 0]",1100,6301.73371949133,-53499.044159223755
74.44233690530372,46.98419890116918,0,0.1,"[0, 0, 0]",1100,18479.143881445223,19804.430447798943
29.27842524996844,31.162166040296327,0,0.1,"[0, 0, 0]",1100,45303.085992420085,27395.04878201551
20.061859578281563,50.806902865094685,0,0.1,"[0, 0, 0]",1100,28832.86457153547,35360.055633777636
84.84314119995598,-71.91837726204045,0,0.1,"[0, 0, 0]",1100,2974.331478397201,-9106.769358123129
50.50440173650403,40.820352737360054,0,0.1,"[0, 0, 0]",1100,39446.54516963712,34072.94060824983
25.81630212449845,76.79578711468244,0,0.1,"[0, 0, 0]",1100,11612.033063381277,49487.52443060996
19.342186430492397,-87.41106915866722,0,0.1,"[0, 0, 0]",1100,2024.9745668028688,-44761.79733475204
85.54524405906356,-49.6522266544126,0,0.1,"[0, 0, 0]",1100,5372.749134124558,-6323.395065824834
51.670986327189624,-28.58164304779568,0,0.1,"[0, 0, 0]",1100,45193.008089741386,-24620.697407407682
28.63850146914732,71.40020465643951,0,0.1,"[0, 0, 0]",1100,16779.597359694617,49857.18233842888
66.84126984716882,17.175538998666923,0,0.1,"[0, 0, 0]",1100,35884.268200845705,11090.94182084438
51.04895229815915,-13.855691985684274,0,0.1,"[0, 0, 0]",1100,50316.2756683474,-12410.374253499733
86.8034274465436,-38.853767900241934,0,0.1,"[0, 0, 0]",1100,4655.606058063291,-3749.581785619255
14.151655521350571,65.55720969501934,0,0.1,"[0, 0, 0]",1100,15577.77097337204,34270.74505835129
24.835921230709417,-29.262168448549104,0,0.1,"[0, 0, 0]",1100,43708.47022390679,-24489.438648055908
65.53839605038179,8.22090270041977,0,0.1,"[0, 0, 0]",1100,38726.83861974868,5594.900723760036
89.24302769864957,71.35049181960974,0,0.1,"[0, 0, 0]",1100,455.64368169184297,1347.0947626517845
5.3906686039476455,-25.202228968171383,0,0.1,"[0, 0, 0]",1100,16999.972503000456,-7999.908703888032
21.920668938834552,9.677764441111464,0,0.1,"[0, 0, 0]",1100,46880.33540565677,7994.508115347296
26.168958258858222,88.93220498335907,0,0.1,"[0, 0, 0]",1100,952.8894008489318,51070.59879011588
56.094416428479924,2.2092212005605916,0,0.1,"[0, 0, 0]",1100,48382.29642411019,1866.4199707288103
59.48174475787873,3.54762821279931,0,0.1,"[0, 0, 0]",1100,45428.71615605016,2816.384006663108
79.70690016649668,-8.839182369029587,0,0.1,"[0, 0, 0]",1100,18401.04433411197,-2861.3207134709605
41.08254281326253,-20.5759186384185,0,0.1,"[0, 0, 0]",1100,51677.377578939406,-19398.820003628978
32.3476011042802,-15.92341869142686,0,0.1,"[0, 0, 0]",1100,52153.04166488458,-14878.83556598367
35.274998912893864,12.475969252133822,0,0.1,"[0, 0, 0]",1100,53691.95465309994,11879.374679004686
62.49916264746641,9.667992563872374,0,0.1,"[0, 0, 0]",1100,41919.325657112146,7141.131669665948
18.12434845815499,60.49051203280462,0,0.1,"[0, 0, 0]",1100,21345.81671456081,37712.26318088507
35.84035905508151,-86.87278399094613,0,0.1,"[0, 0, 0]",1100,3006.002332387598,-55001.631474031135
67.15674490952536,-28.033328250754195,0,0.1,"[0, 0, 0]",1100,32808.155219197935,-17468.297154637505
85.54134510896819,-89.4098731421299,0,0.1,"[0, 0, 0]",1100,86.52932461086898,-8303.723820070449
25.053874684432753,3.247190646707949,0,0.1,"[0, 0, 0]",1100,50188.71965935642,2847.3964956230357
85.59694110311108,-35.84948811816571,0,0.1,"[0, 0, 0]",1100,6649.425212020464,-4803.694779223404
17.57201487889093,52.50714936358892,0,0.1,"[0, 0, 0]",1100,25945.63441677802,33820.4429887277
5.644066075309288,70.01400990201836,0,0.1,"[0, 0, 0]",1100,6664.77580172731,18322.51221378813
6.289540440447637,73.40327443129627,0,0.1,"[0, 0, 0]",1100,6070.4097810282665,20363.680985585648
2.390102891742496,18.847573720580314,0,0.1,"[0, 0, 0]",1100,8832.9163085556,3014.8150401869434
65.91904900025148,5.2272296018658295,0,0.1,"[0, 0, 0]",1100,38516.49257713211,3523.6411550747116
81.93666651712093,48.084456490755,0,0.1,"[0, 0, 0]",1100,9873.524005249978,10997.104536679033
23.629658382691886,-38.86600199478522,0,0.1,"[0, 0, 0]",1100,38244.10983501708,-30820.825988287797
66.30151685685567,-6.314407275127323,0,0.1,"[0, 0, 0]",1100,37985.89992005874,-4203.237190624725
0.7935012124827467,-58.699686730822584,0,0.1,"[0, 0, 0]",1100,1731.4183073761963,-2845.975337960368
65.74022735195021,-47.157327984045565,0,0.1,"[0, 0, 0]",1100,26445.175319550424,-28514.318943222395
46.72927388917399,4.729965610205525,0,0.1,"[0, 0, 0]",1100,53662.19125977902,4440.008643157505
36.09307003244759,-5.161372439473766,0,0.1,"[0, 0, 0]",1100,54898.42594137433,-4958.723203272757
22.857554363179112,-2.7745266683979253,0,0.1,"[0, 0, 0]",1100,48380.63451337787,-2344.572360538219
64.02945952150901,7.283221839987917,0,0.1,"[0, 0, 0]",1100,40531.62338044542,5180.029532468301
59.33725562843853,39.499828268334085,0,0.1,"[0, 0, 0]",1100,35224.727882317304,29036.023220729217
35.70660739465219,58.42868955139642,0,0.1,"[0, 0, 0]",1100,28829.793511611024,46913.15398417563
13.5768132771193,-54.34214256435755,0,0.1,"[0, 0, 0]",1100,21394.261599553814,-29817.882580028465
6.719019670265639,28.140453236147792,0,0.1,"[0, 0, 0]",1100,19729.544168604927,10551.968739700194
77.21028208499854,45.25966707774961,0,0.1,"[0, 0, 0]",1100,16013.817642459962,16158.621063616407
60.54364534335799,83.63458557011856,0,0.1,"[0, 0, 0]",1100,4935.238084098731,44230.72977913839
80.15897875621741,53.43328647363526,0,0.1,"[0, 0, 0]",1100,10637.331658729809,14339.229022828305
19.25069235869066,85.39294111063498,0,0.1,"[0, 0, 0]",1100,3591.4825108481127,44556.830735125186
60.81361018942533,50.423922095101034,0,0.1,"[0, 0, 0]",1100,28186.93730007051,34099.92360505643
73.55777316490011,-25.354380920264546,0,0.1,"[0, 0, 0]",1100,25679.727005200697,-12167.947110183788
22.055765707782143,69.19141025730647,0,0.1,"[0, 0, 0]",1100,16941.60441317576,44576.323420068795
30.200657128080735,-6.4012533703610615,0,0.1,"[0, 0, 0]",1100,53052.86976581564,-5951.888646711255
3.4926852155458987,69.49711646463214,0,0.1,"[0, 0, 0]",1100,4572.058409424741,12223.975600744603
48.45368159317915,-77.15981543001996,0,0.1,"[0, 0, 0]",1100,11810.04214265496,-51808.79089850352
43.12523714502316,-74.51043339582043,0,0.1,"[0, 0, 0]",1100,14657.533220095642,-52886.793525037225
34.50042830644858,37.1637138242061,0,0.1,"[0, 0, 0]",1100,43698.21546418179,33124.39451374338
64.52378833723701,-28.44777402139369,0,0.1,"[0, 0, 0]",1100,35437.44056956554,-19198.336963022994
78.0414581009466,22.858351270277097,0,0.1,"[0, 0, 0]",1100,19717.146920120245,8311.542589623143
25.850417153623887,-61.74719907695166,0,0.1,"[0, 0, 0]",1100,24074.20963720851,-44796.93556767345
1.4660651480596787,28.946921899569432,0,0.1,"[0, 0, 0]",1100,5221.913749156158,2887.680317981992
26.497817992245086,-57.02492450022647,0,0.1,"[0, 0, 0]",1100,27924.36625952546,-43039.11615812294
57.662011435487585,57.522881112931145,0,0.1,"[0, 0, 0]",1100,25310.650218742656,39763.226122120504
40.4555284999349,-50.93339955821096,0,0.1,"[0, 0, 0]",1100,34823.963669367935,-42900.311592488564
3.5333161620851463,39.663984611552905,0,0.1,"[0, 0, 0]",1100,10148.452142002461,8413.807667106723
40.55690134641351,-17.648513688945215,0,0.1,"[0, 0, 0]",1100,52647.72842259604,-16749.504406137075
27.476331265402163,-43.581042258347,0,0.1,"[0, 0, 0]",1100,37620.907337113655,-35800.87769003741
48.502944011222624,-5.436663872785232,0,0.1,"[0, 0, 0]",1100,52878.1697722015,-5032.4287855129
23.15110348791216,28.37424133388882,0,0.1,"[0, 0, 0]",1100,42850.14397274042,23143.55605852399
61.992037021287736,-63.006682278109324,0,0.1,"[0, 0, 0]",1100,19541.597709520982,-38361.556912017004
74.80485414441334,-32.87400786916586,0,0.1,"[0, 0, 0]",1100,22285.259646220195,-14401.806915701583
22.021726047344345,24.679510953298575,0,0.1,"[0, 0, 0]",1100,43302.17337683151,19897.557251020262
60.3783643331175,63.321147374008746,0,0.1,"[0, 0, 0]",1100,20055.27839743288,39910.184512834705
48.130841642051244,-28.628983369602167,0,0.1,"[0, 0, 0]",1100,46767.672645577535,-25528.5727494968
31.543618684545006,-22.757446071112398,0,0.1,"[0, 0, 0]",1100,49746.48662814193,-20867.360809095117
82.53393211891141,8.044036648377329,0,0.1,"[0, 0, 0]",1100,13592.401562906314,1920.8005432643874
41.89950240173054,52.23788268064834,0,0.1,"[0, 0, 0]",1100,33740.03973135768,43555.54151853083
3.9895647940557777,59.52758265576904,0,0.1,"[0, 0, 0]",1100,7419.716035924041,12608.356455780058
7.542773534766799,-70.17046847506748,0,0.1,"[0, 0, 0]",1100,8292.209838746645,-22992.429962947535
41.496825215040715,-15.184902078017615,0,0.1,"[0, 0, 0]",1100,53224.802538697855,-14445.464270579167
65.7138074602029,-86.96402422745996,0,0.1,"[0, 0, 0]",1100,2062.348046448661,-38865.64688822149
6.595535244516078,-32.0892048476872,0,0.1,"[0, 0, 0]",1100,18684.996693690027,-11715.446228042736
39.89751135514171,-2.4130344904926773,0,0.1,"[0, 0, 0]",1100,55242.03511074303,-2327.862660931397
10.724238915699155,-48.46519510098826,0,0.1,"[0, 0, 0]",1100,20871.815141952193,-23561.268968891854
3.225033462000985,28.69238378003834,0,0.1,"[0, 0, 0]",1100,10682.064573628419,5845.866791439409
15.15172355806383,-5.117959749176961,0,0.1,"[0, 0, 0]",1100,39057.18706567681,-3497.9797689053216
55.165999258358035,84.42027565777383,0,0.1,"[0, 0, 0]",1100,4777.662081530745,48894.324145116756
66.06933730170735,46.48389083302027,0,0.1,"[0, 0, 0]",1100,26508.05482994061,27916.883710027967
43.91957693251516,-63.11040682638655,0,0.1,"[0, 0, 0]",1100,24742.10044273958,-48788.8138301633
46.832226359290715,-51.77662858775823,0,0.1,"[0, 0, 0]",1100,33292.442693243094,-42269.91885975642
60.63497766696165,89.68662800736314,0,0.1,"[0, 0, 0]",1100,243.92668270051962,44415.3759387737
20.109241644997176,15.30763355578462,0,0.1,"[0, 0, 0]",1100,44057.53520059089,12058.813375716485
50.843585769290094,24.917499258012498,0,0.1,"[0, 0, 0]",1100,47104.57218420371,21882.23886453477
23.09392384663709,-24.44050531635834,0,0.1,"[0, 0, 0]",1100,44290.6098309826,-20128.247344678522
76.64721839649361,-53.586346966059956,0,0.1,"[0, 0, 0]",1100,14041.212895143723,-19033.931550743022
33.54749804456954,-69.14219789800485,0,0.1,"[0, 0, 0]",1100,19440.550448871,-51019.761572440046
4.540641031754524,41.961336861765204,0,0.1,"[0, 0, 0]",1100,12132.113856256208,10908.09024528928
46.62861151890354,-80.61367235474218,0,0.1,"[0, 0, 0]",1100,8788.582388425424,-53159.42656150253
20.430880560249893,-3.1543263477250036,0,0.1,"[0, 0, 0]",1100,45959.50807291679,-2532.693547631165
62.18475697069988,-88.33129514857917,0,0.1,"[0, 0, 0]",1100,1248.8551728450207,-42833.384363983074
37.44043225812963,79.066991653526,0,0.1,"[0, 0, 0]",1100,10482.300747688245,54260.25608592515
87.36342240739836,-0.06571822636324498,0,0.1,"[0, 0, 0]",1100,4937.906372905667,-5.6625891802982125
4.884840239435681,75.14983421059111,0,0.1,"[0, 0, 0]",1100,4443.42381879816,16754.4877434192
52.7060561995938,87.30812566029545,0,0.1,"[0, 0, 0]",1100,2388.0903389612436,50771.149780511994
5.72382507472997,-49.48235793693172,0,0.1,"[0, 0, 0]",1100,12811.042324021633,-14989.244520432383
41.57615661428778,57.3482176687678,0,0.1,"[0, 0, 0]",1100,29750.322935668162,46425.2255447051
51.86028309421107,27.787358758444697,0,0.1,"[0, 0, 0]",1100,45430.13319176622,23939.25692023519
72.05950900800552,49.83632556332273,0,0.1,"[0, 0, 0]",1100,19739.345785787,23387.238165068884
79.62284646981446,31.576060281058318,0,0.1,"[0, 0, 0]",1100,15986.301171996134,9825.018296755701
21.58704670579238,23.436546401699985,0,0.1,"[0, 0, 0]",1100,43332.58951517112,18784.07735641313
53.442732470229316,-44.81534015119074,0,0.1,"[0, 0, 0]",1100,35715.36569193505,-35484.37114481857
36.97392691346221,28.036482860973265,0,0.1,"[0, 0, 0]",1100,48744.711427999,25957.31668106632
9.327004290386249,-56.055481733046236,0,0.1,"[0, 0, 0]",1100,15948.82512441706,-23693.01947343973
3.107949071792906,-52.40638695004107,0,0.1,"[0, 0, 0]",1100,7192.412476647198,-9340.27755698343
30.44931928970642,62.19278899236551,0,0.1,"[0, 0, 0]",1100,24956.79542834679,47318.44173861157
26.15012360714718,12.80387063365849,0,0.1,"[0, 0, 0]",1100,49797.617497132305,11317.051640729136
20.12226648703021,54.120664372104955,0,0.1,"[0, 0, 0]",1100,26779.83867611964,37021.618245240614
78.54987020459981,5.518287009946363,0,0.1,"[0, 0, 0]",1100,20464.054179381106,1976.959930164146
62.50616051586255,-74.12869708479225,0,0.1,"[0, 0, 0]",1100,11627.859826673584,-40893.744600170976
56.167491342383315,-52.45033292649688,0,0.1,"[0, 0, 0]",1100,29473.852462875955,-38340.58456466631
25.462371252748714,57.69041567070283,0,0.1,"[0, 0, 0]",1100,27032.818309073235,42744.275941995336
32.52809997170536,-23.841625472200548,0,0.1,"[0, 0, 0]",1100,49660.81016823912,-21945.583978306662
54.48694627450735,79.2745508437701,0,0.1,"[0, 0, 0]",1100,9235.933765205553,48755.7932091046
40.61605447309449,-20.459346910102227,0,0.1,"[0, 0, 0]",1100,51758.4260148661,-19309.453841011768
35.99926304773545,-35.182726856750214,0,0.1,"[0, 0, 0]",1100,45041.458509892014,-31752.052590654028
42.10615087299188,66.5560944388377,0,0.1,"[0, 0, 0]",1100,21908.043518413073,50517.94578659825
75.92637442312419,12.415978435541291,0,0.1,"[0, 0, 0]",1100,24214.380702735365,5330.736408321351
62.015597171216044,59.04763425851439,0,0.1,"[0, 0, 0]",1100,22131.057027109102,36900.054620867566
65.3930698803987,-56.63694486311264,0,0.1,"[0, 0, 0]",1100,21613.05828239903,-32822.0457659391
65.82406088769251,-21.269527471553758,0,0.1,"[0, 0, 0]",1100,36148.39154451106,-14070.93022992566
70.85830646420605,21.03350408505382,0,0.1,"[0, 0, 0]",1100,30146.047044912204,11591.82889579458
60.41644378995617,2.0976599327795924,0,0.1,"[0, 0, 0]",1100,44599.65506184799,1633.5345024896228
72.40214622621077,88.94060424031505,0,0.1,"[0, 0, 0]",1100,557.7073820798406,30105.22562812323
49.09503605305509,-49.9919231409335,0,0.1,"[0, 0, 0]",1100,33972.4430955724,-40473.480796548516
64.27040911090896,19.41426568144749,0,0.1,"[0, 0, 0]",1100,38282.93510316207,13491.911990760744
12.056105614150919,61.4047976966734,0,0.1,"[0, 0, 0]",1100,16287.7783727483,29878.01717443433
43.255834690488776,-12.183975833691235,0,0.1,"[0, 0, 0]",1100,53618.88959437621,-11576.829577734949
64.82178761421311,-25.19110472774274,0,0.1,"[0, 0, 0]",1100,36162.48598417592,-17009.30912881214
7.89112074765699,38.90198149857622,0,0.1,"[0, 0, 0]",1100,19677.14285084941,15877.769365867027
52.002276498438334,27.668286681993592,0,0.1,"[0, 0, 0]",1100,45403.89849912401,23805.006418529552
37.737656574027476,81.29543632822163,0,0.1,"[0, 0, 0]",1100,8367.417640817383,54645.67343355717
53.73845392591868,-58.67791351870693,0,0.1,"[0, 0, 0]",1100,26069.211386362178,-42837.17706644014
66.37418733500121,25.690583782288087,0,0.1,"[0, 0, 0]",1100,34360.66747526401,16529.23707789681
35.38978366965685,-35.860238692847425,0,0.1,"[0, 0, 0]",1100,44583.731198950394,-32225.255603317928
30.443091660041066,-39.50013481021307,0,0.1,"[0, 0, 0]",1100,41277.66306889091,-34025.686210743486
26.257854207001355,31.272441657371587,0,0.1,"[0, 0, 0]",1100,43711.468345246314,26547.593642000607
27.649892930020012,-17.13586975795596,0,0.1,"[0, 0, 0]",1100,49728.952656381465,-15332.173452171044
87.50185489880754,-75.28486213372548,0,0.1,"[0, 0, 0]",1100,1189.5747842487444,-4525.683930612287
16.594171439486544,48.18957550526659,0,0.1,"[0, 0, 0]",1100,27540.383965224326,30789.848774726703
28.151223453652193,26.447754389189953,0,0.1,"[0, 0, 0]",1100,46856.51042865754,23307.973517890023
35.53003492533468,71.88998708325224,0,0.1,"[0, 0, 0]",1100,17107.943168082962,52307.80123588424
10.11709157191932,41.142314544371544,0,0.1,"[0, 0, 0]",1100,22774.215976502273,19895.979336551405
46.23450631050743,-73.559498412465,0,0.1,"[0, 0, 0]",1100,15290.350350566961,-51813.20578242124
56.568859324572266,25.73708046032175,0,0.1,"[0, 0, 0]",1100,43275.46572636302,20861.097600864472
86.97043078715012,16.746898865485363,0,0.1,"[0, 0, 0]",1100,5427.906419128072,1632.9931118790096
28.77462955339343,-51.27272456463533,0,0.1,"[0, 0, 0]",1100,32957.29012786328,-41095.461468869755
62.20656049922661,-14.199893544254621,0,0.1,"[0, 0, 0]",1100,41521.43613157622,-10506.187191515079
63.08149256512473,76.27087639129101,0,0.1,"[0, 0, 0]",1100,9945.485334139321,40703.98985334359
5.07543898793108,66.93112414386812,0,0.1,"[0, 0, 0]",1100,7009.919357379578,16456.947738013834
78.20964782374924,-55.56557148356756,0,0.1,"[0, 0, 0]",1100,11943.62463925823,-17419.04035490839
28.71500486160274,37.47612963666569,0,0.1,"[0, 0, 0]",1100,41781.40360028086,32031.58495661959
26.820176780924733,83.4786812061435,0,0.1,"[0, 0, 0]",1100,5851.978071085162,51184.04503300636
12.61367458294593,-2.3336324242946347,0,0.1,"[0, 0, 0]",1100,35008.71831501818,-1426.614395148304
14.679694746565628,55.64232432565166,0,0.1,"[0, 0, 0]",1100,21720.045363529112,31770.184611507124
28.98133099715473,20.257188316474128,0,0.1,"[0, 0, 0]",1100,49523.886139140464,18277.016334023163
55.454114145338345,13.604541822060114,0,0.1,"[0, 0, 0]",1100,47539.47367198543,11504.756150407207
70.87042613131128,83.20007113708658,0,0.1,"[0, 0, 0]",1100,3823.0586454323284,32053.08519160687
37.50190934250493,-21.44487894849638,0,0.1,"[0, 0, 0]",1100,51442.43062283039,-20206.06150660797
47.609183832756486,-19.195425123749175,0,0.1,"[0, 0, 0]",1100,50527.48708089017,-17590.493662047218
45.904241321218066,76.4059033532962,0,0.1,"[0, 0, 0]",1100,12724.907326228935,52618.04949518509
60.02991579161224,57.754893671584654,0,0.1,"[0, 0, 0]",1100,24010.164992615646,38059.42613446921
83.9077265630264,64.78160117329944,0,0.1,"[0, 0, 0]",1100,4804.446317188331,10199.34036207372
73.28831331792964,-56.58080060817304,0,0.1,"[0, 0, 0]",1100,15871.33538706976,-24050.849935955852
51.933304623774504,2.524111607641302,0,0.1,"[0, 0, 0]",1100,51257.96526016916,2259.539263172767
12.932428878225942,-55.408847015881875,0,0.1,"[0, 0, 0]",1100,20210.41566598091,-29304.417892517307
22.464801441518784,-8.30970064661389,0,0.1,"[0, 0, 0]",1100,47571.056810001974,-6947.843862954427
35.12225385880788,-65.87890752724044,0,0.1,"[0, 0, 0]",1100,22461.748504546274,-50161.783827743966
45.87734129966903,-83.18161913630797,0,0.1,"[0, 0, 0]",1100,6429.058382166191,-53760.49676329656
21.12683346399838,-82.93296477558931,0,0.1,"[0, 0, 0]",1100,5754.148398869081,-46406.28905197924
56.55371101690394,78.46351618642717,0,0.1,"[0, 0, 0]",1100,9611.09527631387,47081.65238097133
14.619398246571828,45.426328817804176,0,0.1,"[0, 0, 0]",1100,26944.114952232474,27347.08720056877
72.90325410252764,-48.90702512481285,0,0.1,"[0, 0, 0]",1100,19313.009049576987,-22143.00194846759
74.65693018002526,25.93465207667377,0,0.1,"[0, 0, 0]",1100,24065.478658465796,11703.07389121227
81.33893661227128,74.10201119240085,0,0.1,"[0, 0, 0]",1100,4335.05645731911,15216.8506559065
23.886887835748638,-61.02210568041261,0,0.1,"[0, 0, 0]",1100,23902.248428596842,-43158.141857487855
66.35162392222345,-35.07084253788881,0,0.1,"[0, 0, 0]",1100,31229.56583674611,-21924.03400864043
76.32283516761781,-60.70949605316846,0,0.1,"[0, 0, 0]",1100,11824.830770819175,-21077.792879481636
89.12992363106319,79.96611897747445,0,0.1,"[0, 0, 0]",1100,285.69496211512825,1609.0209514943053
43.8132139531301,16.047605219237653,0,0.1,"[0, 0, 0]",1100,52597.617279367994,15129.14263944066
43.56767084233613,-58.35113658531555,0,0.1,"[0, 0, 0]",1100,28747.764542672543,-46637.54864779414
41.27865826302678,27.995018738659056,0,0.1,"[0, 0, 0]",1100,48720.55023283921,25899.211486047425
52.3203037981802,13.855104685645856,0,0.1,"[0, 0, 0]",1100,49584.974282814124,12229.569012360187
35.68340585160222,46.31757241116381,0,0.1,"[0, 0, 0]",1100,38028.339787935394,39817.779963559646
84.17406385561745,57.05756390506829,0,0.1,"[0, 0, 0]",1100,5870.411797456252,9058.011858262205
15.18939815374426,50.72374357144537,0,0.1,"[0, 0, 0]",1100,24861.08818506451,30398.785615269677
25.88034354496372,-53.12223226201939,0,0.1,"[0, 0, 0]",1100,30532.804461434913,-40697.05161922153
18.49237658511932,15.937740807641177,0,0.1,"[0, 0, 0]",1100,42109.41627408647,12024.891086803234
44.82312652165738,-41.339466761749506,0,0.1,"[0, 0, 0]",1100,40895.603395878534,-35976.71950388629
14.582775924490566,-60.71636466874328,0,0.1,"[0, 0, 0]",1100,18750.677882059514,-33433.68950256525
68.8128955561683,-72.75394821471,0,0.1,"[0, 0, 0]",1100,10393.798983597178,-33478.00764754135
21.87823031147948,-77.55832239829002,0,0.1,"[0, 0, 0]",1100,10237.858653754156,-46398.42937466004
42.137005357093805,49.736087785930266,0,0.1,"[0, 0, 0]",1100,35585.89224367401,42013.88131509371
79.84515595691649,17.270674921263193,0,0.1,"[0, 0, 0]",1100,17559.01554527154,5458.856111741679
38.09790392028759,-63.27941332963201,0,0.1,"[0, 0, 0]",1100,24865.952860096593,-49393.56479477431
62.712269404704735,60.45535885652879,0,0.1,"[0, 0, 0]",1100,20857.50981294291,36796.832725652224
4.150642660734528,-73.48547403663315,0,0.1,"[0, 0, 0]",1100,4301.405422539356,-14504.261986103626
14.903886913500502,19.532281026561563,0,0.1,"[0, 0, 0]",1100,36599.253766577836,12983.331569462864
28.740310199776278,-0.7856844303657056,0,0.1,"[0, 0, 0]",1100,52655.91148231887,-722.0799050732995
72.4178261694557,-36.06787716579537,0,0.1,"[0, 0, 0]",1100,24321.49918682438,-17713.885707729103
70.53015385545817,32.1433037780827,0,0.1,"[0, 0, 0]",1100,27731.227968081068,17424.35857804025
35.68788425653908,72.36452275798013,0,0.1,"[0, 0, 0]",1100,16682.006914277696,52472.44415973645
80.03659072912741,-22.28570468809734,0,0.1,"[0, 0, 0]",1100,16713.730281241318,-6849.44587556902
22.64315926603365,0.9728438628583405,0,0.1,"[0, 0, 0]",1100,48234.36361844704,819.0488376965326
74.62110513650387,-87.28701251573986,0,0.1,"[0, 0, 0]",1100,1270.1829903184678,-26783.68056203627
87.18596927462323,-51.79062337779972,0,0.1,"[0, 0, 0]",1100,3258.800673963701,-4138.486897773768
50.77312234266528,26.5331162451118,0,0.1,"[0, 0, 0]",1100,46503.81102940178,23219.015465137138
44.8250793154283,-15.72840985788605,0,0.1,"[0, 0, 0]",1100,52428.433300145574,-14764.584524146818
17.115482114302985,62.57751482665745,0,0.1,"[0, 0, 0]",1100,19353.746728221224,37299.399259136684
2.654948526561985,-31.453193622867822,0,0.1,"[0, 0, 0]",1100,8748.330367518727,-5350.489812286677
32.450886855622194,-40.4649486253899,0,0.1,"[0, 0, 0]",1100,41287.84349866102,-35218.39147732852
41.80288620422547,-55.32979962021784,0,0.1,"[0, 0, 0]",1100,31349.505831821192,-45322.93246061032
40.32161378879687,5.3965823056933,0,0.1,"[0, 0, 0]",1100,55020.80123515268,5197.591243440118
31.80056219281863,2.0366109757669904,0,0.1,"[0, 0, 0]",1100,54007.78799151838,1920.5108220918269
69.08355215843162,19.723202693110423,0,0.1,"[0, 0, 0]",1100,32664.20950290379,11710.047514728982
9.468209229732187,18.390386932066463,0,0.1,"[0, 0, 0]",1100,27393.49872158894,9107.167301195726
7.726004654623182,-77.73822640973424,0,0.1,"[0, 0, 0]",1100,5286.440096400261,-24318.868582466435
71.0037224402064,16.874908598341023,0,0.1,"[0, 0, 0]",1100,30713.85693439612,9316.589791712564
85.77224160955018,4.4369859233792965,0,0.1,"[0, 0, 0]",1100,7857.808375110718,609.6505143646867
18.81618306379245,-47.11029769039205,0,0.1,"[0, 0, 0]",1100,30073.295780337266,-32372.951056822338
28.08654315237747,71.7569302997841,0,0.1,"[0, 0, 0]",1100,16372.025623056448,49666.89598494728
73.62514233612053,82.45282941470765,0,0.1,"[0, 0, 0]",1100,3720.0324338592277,28070.258157391498
33.235652340896436,63.228139207423766,0,0.1,"[0, 0, 0]",1100,24554.62310392388,48667.287781799234
8.927777060798597,-50.24003201154963,0,0.1,"[0, 0, 0]",1100,17703.86904402623,-21277.592899186307
26.139506563501225,80.95358753794574,0,0.1,"[0, 0, 0]",1100,8029.243302723126,50423.93894893179
11.36650852353821,79.55931879817021,0,0.1,"[0, 0, 0]",1100,5932.818961377806,32191.19318393723
4.252452948907639,-87.18897664675353,0,0.1,"[0, 0, 0]",1100,758.267576482534,-15422.528293908672
14.371650674693228,21.722546344428423,0,0.1,"[0, 0, 0]",1100,35300.564405500314,14063.495728696958
53.26448055890478,-68.94434127662645,0,0.1,"[0, 0, 0]",1100,18131.58989015155,-47094.54537322724
28.73940314520965,66.60313062921128,0,0.1,"[0, 0, 0]",1100,20911.918684763892,48329.52685855073
33.62887496094426,53.75900605850495,0,0.1,"[0, 0, 0]",1100,32291.28666428056,44052.91365584419
23.18874476576513,-6.562911796015271,0,0.1,"[0, 0, 0]",1100,48414.833215487415,-5569.913288649942
18.67470180143577,74.33437177269639,0,0.1,"[0, 0, 0]",1100,11885.944726071448,42379.61444321097
63.22734858925004,-19.467336464901848,0,0.1,"[0, 0, 0]",1100,39358.011858170794,-13911.670386800748
52.99948029370578,30.18123546274836,0,0.1,"[0, 0, 0]",1100,43774.743872421386,25457.738748207634
0.5118789218851727,40.511472894502305,0,0.1,"[0, 0, 0]",1100,1649.7760534270801,1408.7588597077463
42.151100119884546,-63.02251746764977,0,0.1,"[0, 0, 0]",1100,24976.799765950167,-49064.97459250281
33.988703219225044,75.63304826813561,0,0.1,"[0, 0, 0]",1100,13576.928849407974,53001.65028946149
65.42989969296386,-58.740774011879815,0,0.1,"[0, 0, 0]",1100,20371.134853059215,-33556.6351013559
56.54342101079574,-9.362006838158123,0,0.1,"[0, 0, 0]",1100,47421.54549068843,-7818.097307545243
61.95111850437102,15.390531966300259,0,0.1,"[0, 0, 0]",1100,41549.595193689245,11437.003401591404
3.267639118142279,72.96126057678049,0,0.1,"[0, 0, 0]",1100,3609.9742627135442,11775.94001120681
48.15122137306499,-16.29894664000072,0,0.1,"[0, 0, 0]",1100,51131.909842357854,-14950.596524187453
72.04595840205707,39.15417290874484,0,0.1,"[0, 0, 0]",1100,23747.41155708633,19335.494406753252
53.686657658952385,17.26003229888923,0,0.1,"[0, 0, 0]",1100,47922.33309784866,14889.169817260718
49.08092588469674,19.033226329857243,0,0.1,"[0, 0, 0]",1100,49959.81616663048,17234.612880833814
17.09312242118594,42.910428987689926,0,0.1,"[0, 0, 0]",1100,30756.042412553208,28589.782862995376
41.010221402545355,-39.44328901953671,0,0.1,"[0, 0, 0]",1100,42633.395205917586,-35072.26239242631
77.97291135962496,-88.53494364183145,0,0.1,"[0, 0, 0]",1100,550.9220124394514,-21501.747487062687
12.174108707094204,-44.21638680404937,0,0.1,"[0, 0, 0]",1100,24544.75510488213,-23881.39810992726
13.69658313320415,40.619081098719704,0,0.1,"[0, 0, 0]",1100,28009.003982190934,24021.94701554396
8.70358991428581,4.701802519383705,0,0.1,"[0, 0, 0]",1100,27084.05760223622,2227.4904449595333
88.98809857983429,-78.67671166368702,0,0.1,"[0, 0, 0]",1100,374.0724025747779,-1863.1009038076686
74.79445214372845,56.69253937731662,0,0.1,"[0, 0, 0]",1100,14579.917752477755,22187.98447718793
39.05218944978149,53.96269916411106,0,0.1,"[0, 0, 0]",1100,32543.106763535485,44729.10199815174
12.276742775982408,-87.05393472767169,0,0.1,"[0, 0, 0]",1100,1770.6513413448818,-34385.71808343096
33.84043128192941,-39.362498635327384,0,0.1,"[0, 0, 0]",1100,42273.10734204752,-34675.93852031566
44.91138846447032,49.658243442164036,0,0.1,"[0, 0, 0]",1100,35243.922267683,41495.68314090092
53.35341815166678,60.35317428280328,0,0.1,"[0, 0, 0]",1100,24934.138196862164,43806.86120596755
70.08750527082003,-17.09716124087778,0,0.1,"[0, 0, 0]",1100,31881.958351521145,-9805.997275135396
83.45852444645895,49.9399331588549,0,0.1,"[0, 0, 0]",1100,7775.971236432249,9246.146835516258
37.048826926738826,-17.193915292070756,0,0.1,"[0, 0, 0]",1100,52764.060364132056,-16326.631733566117
44.97560946546752,-87.43899457390563,0,0.1,"[0, 0, 0]",1100,2432.819301903904,-54369.108280160464
18.08761799031264,-48.650900185059086,0,0.1,"[0, 0, 0]",1100,28598.65612174054,-32495.759209572007
59.20306582934691,48.75906078995928,0,0.1,"[0, 0, 0]",1100,30175.196808930636,34418.055331961805
65.93626865949662,-58.2396430103379,0,0.1,"[0, 0, 0]",1100,20348.14780760017,-32867.12403366244
14.229480601518274,25.577522887929703,0,0.1,"[0, 0, 0]",1100,34069.76527498649,16306.58720144508
77.28364512870898,83.74820412281815,0,0.1,"[0, 0, 0]",1100,2465.406811155181,22495.822417240222
44.68283010687185,-35.68006782248526,0,0.1,"[0, 0, 0]",1100,44275.960907958026,-31791.008008776156
27.683160453226886,-29.221192843560203,0,0.1,"[0, 0, 0]",1100,45434.17717450026,-25413.490503072084
8.537288422200586,15.605984011246974,0,0.1,"[0, 0, 0]",1100,25808.59711453655,7208.516151628054
47.39002939828977,-54.94146763075422,0,0.1,"[0, 0, 0]",1100,30783.71157181813,-43866.22956795569
6.761708665630826,26.658053270750287,0,0.1,"[0, 0, 0]",1100,20094.220021466386,10087.412122637645
71.69577939779298,89.97779796949504,0,0.1,"[0, 0, 0]",1100,13.059691217832926,31121.900056582537
44.90837778397219,-14.262353892202754,0,0.1,"[0, 0, 0]",1100,52766.028368728475,-13412.596972208596
69.51505229049972,47.22023264517395,0,0.1,"[0, 0, 0]",1100,23178.792528810183,25047.47542335387
25.72312585272635,-76.16198148061912,0,0.1,"[0, 0, 0]",1100,12142.756152430793,-49290.771179763404
76.70513258988386,-2.616913914302927,0,0.1,"[0, 0, 0]",1100,23536.225711868843,-1075.6869855700377
53.762908309866106,-6.211108553942438,0,0.1,"[0, 0, 0]",1100,49835.82736965296,-5423.492824909431
80.71741155915637,-0.3076714095329436,0,0.1,"[0, 0, 0]",1100,16897.65643785413,-90.73332558960514
30.011984799615462,-6.4601923084285175,0,0.1,"[0, 0, 0]",1100,52960.462731715146,-5996.653454161026
72.41154781824376,21.500668668781245,0,0.1,"[0, 0, 0]",1100,28003.448197316466,11030.835199656014
10.065487989917505,39.86918066148502,0,0.1,"[0, 0, 0]",1100,23128.382705100263,19316.365676256275
89.4868381018012,64.13836682991641,0,0.1,"[0, 0, 0]",1100,421.49334620068464,867.4496928190549
39.233807856998354,35.53255387260802,0,0.1,"[0, 0, 0]",1100,45013.186271320505,32145.482825074738
61.803871420629584,11.874257151346711,0,0.1,"[0, 0, 0]",1100,42321.07927175139,8898.382668976099
39.18178722185515,54.56970607816453,0,0.1,"[0, 0, 0]",1100,32066.569593630815,45070.153805217786
16.381900494001968,89.67902557211363,0,0.1,"[0, 0, 0]",1100,230.75180061321274,41011.587403081685
8.401612388344605,-15.37015392597877,0,0.1,"[0, 0, 0]",1100,25536.944809491677,-7019.409654043935
59.052869945430494,-79.51407363880485,0,0.1,"[0, 0, 0]",1100,8356.22340034466,-45142.30389999019
32.78750918645444,-47.84394434604952,0,0.1,"[0, 0, 0]",1100,36495.380449529934,-40309.64622860701
0.5398380912286305,17.644007826195818,0,0.1,"[0, 0, 0]",1100,2178.50320763827,692.585954024101
38.256791975523235,58.50224428900748,0,0.1,"[0, 0, 0]",1100,28896.07355006696,47156.62060080327
88.74984319131339,-82.14655286250274,0,0.1,"[0, 0, 0]",1100,321.66749746712367,-2324.7913780417043
16.554188959063723,9.34207309897289,0,0.1,"[0, 0, 0]",1100,40707.24200469085,6696.599196533848
19.506451583243578,36.174017925137264,0,0.1,"[0, 0, 0]",1100,36324.53128288328,26559.519496058056
24.768316153756953,48.24714185428053,0,0.1,"[0, 0, 0]",1100,33328.954491167686,37337.06890085343
52.727690275160285,75.14726604127762,0,0.1,"[0, 0, 0]",1100,13026.286720954244,49115.648753022906
50.029537566187024,-56.20364750441967,0,0.1,"[0, 0, 0]",1100,29134.554846239418,-43525.08549249604
43.46963051808655,-54.170593980543494,0,0.1,"[0, 0, 0]",1100,32083.910763083222,-44435.682860681234
5.704371954616705,-28.428771956483203,0,0.1,"[0, 0, 0]",1100,17293.42608216564,-9361.117071917748
70.00126963360105,-51.73157256711703,0,0.1,"[0, 0, 0]",1100,20731.736836140386,-26279.346187531795
72.24426412742622,89.82930219175671,0,0.1,"[0, 0, 0]",1100,91.38422447655253,30337.936548436068
45.997151511195646,83.16332951012058,0,0.1,"[0, 0, 0]",1100,6441.453038378545,53718.81064852357
50.34067832920369,44.95658121236795,0,0.1,"[0, 0, 0]",1100,36948.36710144693,36891.41200475506
55.78746637659648,44.600312272551804,0,0.1,"[0, 0, 0]",1100,34645.2009594828,34164.19496698393
39.869326868690024,-51.927382365418865,0,0.1,"[0, 0, 0]",1100,34097.00038981572,-43526.78882072423
87.11143814203731,41.8078560646297,0,0.1,"[0, 0, 0]",1100,4030.1343712042244,3603.456113381242
89.25744054805726,-13.85628080429234,0,0.1,"[0, 0, 0]",1100,1355.107583222996,-334.0063137116396
34.18605699842693,-2.909164229599611,0,0.1,"[0, 0, 0]",1100,54691.20561455173,-2779.2185396117698
16.962039869083366,-13.34614676029733,0,0.1,"[0, 0, 0]",1100,40685.68693635517,-9651.976064694534
37.45510981678307,-40.630478235805604,0,0.1,"[0, 0, 0]",1100,41942.501437304985,-35986.58126711676
67.84445831831376,-35.3785267372205,0,0.1,"[0, 0, 0]",1100,29600.803012546763,-21018.6249092671
24.734533239444616,-15.470774650400372,0,0.1,"[0, 0, 0]",1100,48210.20138615193,-13342.926332977513
28.07824273164759,33.69833903551677,0,0.1,"[0, 0, 0]",1100,43505.24821480214,29011.904841232878
19.57430450607584,52.349646119924216,0,0.1,"[0, 0, 0]",1100,27535.09241934628,35688.82159216807
38.584026591861566,29.940865569219838,0,0.1,"[0, 0, 0]",1100,47931.80276436351,27606.94256549521
40.48945207160207,56.773122833544164,0,0.1,"[0, 0, 0]",1100,30276.8334498519,46218.98861617185
40.86392886864082,-15.215478483398215,0,0.1,"[0, 0, 0]",1100,53285.03956897814,-14492.257981051343
1.7302820045421907,-5.74135175536567,0,0.1,"[0, 0, 0]",1100,6919.204919391596,-695.5694377495521
76.53972941593443,-81.96687573189382,0,0.1,"[0, 0, 0]",1100,3330.2255697575,-23589.670463521514
12.658644271130028,-36.29585766125288,0,0.1,"[0, 0, 0]",1100,28303.948168227354,-20787.368236896982
10.223460738650548,-69.68630213844177,0,0.1,"[0, 0, 0]",1100,10575.510249793462,-28565.41626526144
88.62137900897487,-32.04649827744983,0,0.1,"[0, 0, 0]",1100,2194.228643503403,-1372.951193417415
31.731620632974106,30.518932060795137,0,0.1,"[0, 0, 0]",1100,46533.32105689235,27430.34628743791
33.03447510694766,51.91429087035499,0,0.1,"[0, 0, 0]",1100,33588.70062579158,42857.99315856872
72.76874724905295,66.3657406453381,0,0.1,"[0, 0, 0]",1100,11858.771829608853,27097.191170689886
18.873615258576894,-65.97218184508279,0,0.1,"[0, 0, 0]",1100,18020.626328709284,-40419.308905261365
9.375273305862928,-32.77154361404582,0,0.1,"[0, 0, 0]",1100,24103.90032260538,-15516.171680511026
5.785201078000519,-86.99372140508869,0,0.1,"[0, 0, 0]",1100,1043.9515088735582,-19858.89989228626
40.983739725937966,-26.746029214767624,0,0.1,"[0, 0, 0]",1100,49302.19213224012,-24845.533263639743
88.62248651931023,-54.950388222174446,0,0.1,"[0, 0, 0]",1100,1485.784284321806,-2116.578925044768
65.6662576883508,66.23986511026325,0,0.1,"[0, 0, 0]",1100,15705.119398644574,35673.2075173661
45.442269125634816,72.55225903968935,0,0.1,"[0, 0, 0]",1100,16277.105570230651,51785.862667214686
76.01301759435006,79.96452943924052,0,0.1,"[0, 0, 0]",1100,4297.678471803484,24279.76906223916
68.82110133466695,28.323301247308777,0,0.1,"[0, 0, 0]",1100,30849.44663608732,16626.363486631453
9.953023277370818,40.39785359753611,0,0.1,"[0, 0, 0]",1100,22770.33908313606,19376.75571703905
9.650877254009885,52.367687304227275,0,0.1,"[0, 0, 0]",1100,17866.350870202452,23171.586494117968
75.18851254502042,43.664676168092825,0,0.1,"[0, 0, 0]",1100,18767.859131768895,17911.877130814522
76.56996616926203,-45.63431397386904,0,0.1,"[0, 0, 0]",1100,16625.559326392617,-16996.59645880297
22.922827109687887,-85.92378159393432,0,0.1,"[0, 0, 0]",1100,3448.226076545315,-48372.16150343869
17.020131621492595,-10.970808090134312,0,0.1,"[0, 0, 0]",1100,41127.99649089058,-7972.51767701333
70.54618641454454,-7.529579982132162,0,0.1,"[0, 0, 0]",1100,32446.922454191248,-4288.617340226433
65.64199310570581,60.666413397635324,0,0.1,"[0, 0, 0]",1100,19109.58856288785,34004.38228690538
7.157227939038768,-11.691161330805002,0,0.1,"[0, 0, 0]",1100,23001.317987524726,-4759.351880872056
79.25498655399849,-17.71448177588053,0,0.1,"[0, 0, 0]",1100,18464.604486246124,-5897.603791025276
21.860116509373874,-50.63455343612411,0,0.1,"[0, 0, 0]",1100,30126.730152288677,-36720.7834694671
46.46413346554205,-6.397244818632572,0,0.1,"[0, 0, 0]",1100,53606.297996409536,-6010.1476661478555
63.18594321940339,-52.43883052768271,0,0.1,"[0, 0, 0]",1100,25475.47601418211,-33125.32102003093
88.8774555416775,39.6521620663801,0,0.1,"[0, 0, 0]",1100,1623.6986392034687,1344.9032776953052
61.056258529439205,60.72636574817861,0,0.1,"[0, 0, 0]",1100,21516.519095576834,38381.578225635916
77.7122628301985,-8.625218619732422,0,0.1,"[0, 0, 0]",1100,21687.687243649874,-3289.535537311729
2.557840067738817,89.8664496448192,0,0.1,"[0, 0, 0]",1100,24.118244756267163,9918.17246499712
31.486889476610862,61.452068417390706,0,0.1,"[0, 0, 0]",1100,25770.66789619578,47367.284502816125
73.0539150690836,85.27195447167963,0,0.1,"[0, 0, 0]",1100,2404.6067536038386,29061.434410896803
65.09010445965892,-30.808241310397378,0,0.1,"[0, 0, 0]",1100,34057.754935615165,-20308.308853111193
16.281285750040585,29.180878333139162,0,0.1,"[0, 0, 0]",1100,35684.134468948294,19927.004276895514
10.806196815515964,5.004546995677458,0,0.1,"[0, 0, 0]",1100,31519.434983372914,2760.026220718348
26.563451654365135,-17.357420669455337,0,0.1,"[0, 0, 0]",1100,49010.587772615196,-15318.684577852806
32.61713410484618,-65.82940191800758,0,0.1,"[0, 0, 0]",1100,22243.278431170776,-49558.716797585905
27.609152842872724,8.506356790835227,0,0.1,"[0, 0, 0]",1100,51442.21141060334,7693.775371916797
4.410257197390109,-44.954278202401554,0,0.1,"[0, 0, 0]",1100,11268.131022069787,-11249.159095289911
44.85801283850522,24.02892925571183,0,0.1,"[0, 0, 0]",1100,49739.181829732246,22174.963600107665
12.060712030336992,-50.35690219278334,0,0.1,"[0, 0, 0]",1100,21716.854823412425,-26209.444208628178
46.776488886087556,49.08668558154494,0,0.1,"[0, 0, 0]",1100,35253.20302005356,40677.152001398375
54.27216323174676,34.937424319899236,0,0.1,"[0, 0, 0]",1100,40805.68414347395,28505.38349980172
82.51376930313903,-35.91505586657528,0,0.1,"[0, 0, 0]",1100,11146.769035798288,-8072.625336646329
59.011516101051704,-71.18510355360159,0,0.1,"[0, 0, 0]",1100,14819.434788799397,-43491.51723704273
56.85619105222383,6.046279828994955,0,0.1,"[0, 0, 0]",1100,47542.26064714997,5035.6161169267625
29.345253383819465,6.041137692738204,0,0.1,"[0, 0, 0]",1100,52681.75058921922,5575.21489275299
5.669233065150098,34.28365065084405,0,0.1,"[0, 0, 0]",1100,16167.959006835237,11021.59307965725
43.17463958806829,67.33320102434874,0,0.1,"[0, 0, 0]",1100,21146.459465303582,50632.23995635816
57.79156424466992,43.54974355575408,0,0.1,"[0, 0, 0]",1100,34082.99926043765,32398.892099509365
68.091274574268,-59.895039905861275,0,0.1,"[0, 0, 0]",1100,18052.366014405336,-31133.833236043465
89.83091892761887,33.95485354001585,0,0.1,"[0, 0, 0]",1100,264.50184944520294,177.43231208908176
11.297747822411573,67.16004941026122,0,0.1,"[0, 0, 0]",1100,12655.317276171603,30044.77133873896
43.812239540205674,-66.90304018512131,0,0.1,"[0, 0, 0]",1100,21470.75049658199,-50341.91850355275
66.8111060635286,-17.379288878288875,0,0.1,"[0, 0, 0]",1100,35880.016405362505,-11229.428857980898
53.454765743039374,59.178716410020314,0,0.1,"[0, 0, 0]",1100,25792.109598087958,43228.4706760628
88.90235223410511,68.41016701111587,0,0.1,"[0, 0, 0]",1100,759.3283176860399,1916.3121167913462
81.08663065817977,-13.7506715140524,0,0.1,"[0, 0, 0]",1100,15794.636648593498,-3864.8588858188577
