k¹t podniesienia,kat boczny,wysokosc celu,opor powietrza,wiatr wzd³uz,wiatr pion,wiatr pop,wylotowa,X,Z
25.4737752899889,-89.63463607451824,0,0.1,0,0,0,1100,323.55577737801605,-50581.58264717278
47.752106573719004,-75.53501251650185,0,0.1,0,0,0,1100,13350.15820621195,-51747.17023104823
58.70317982941265,48.73302531533207,0,0.1,0,0,0,1100,30489.66370622622,34744.88753593757
53.832562142105274,-31.196958802783904,0,0.1,0,0,0,1100,42840.18221469264,-25940.8874187413
62.78185376308762,-0.8379863403034733,0,0.1,0,0,0,1100,42218.97518171003,-617.5003448702337
85.34010394514475,13.085167979864352,0,0.1,0,0,0,1100,8448.658670567924,1963.5266436708434
15.675946147179037,-73.40511860311001,0,0.1,0,0,0,1100,11424.072875081572,-38330.04138596658
6.157726568356347,75.35691272343021,0,0.1,0,0,0,1100,5283.78021195167,20218.56126779658
59.14700010763182,-15.884205470594324,0,0.1,0,0,0,1100,44074.74986002818,-12541.450533439125
40.27654956935342,6.604894260706828,0,0.1,0,0,0,1100,54902.044666855334,6357.020129480292
39.83075668798709,68.21267518752299,0,0.1,0,0,0,1100,20523.776634755173,51343.54025482121
6.943569679794269,20.697863911941525,0,0.1,0,0,0,1100,21468.134689454262,8110.839642102457
31.986371459441582,-73.25443201212035,0,0.1,0,0,0,1100,15590.71340106736,-51813.383871539176
3.2280064217576596,40.77417056888305,0,0.1,0,0,0,1100,9229.320691836978,7958.415695666836
18.114649991979604,-40.63433280492279,0,0.1,0,0,0,1100,32876.915721447425,-28211.929054330412
7.521973686032972,-8.15458814232636,0,0.1,0,0,0,1100,24145.298231571564,-3459.6962724326477
82.45560584527485,-66.24045067847334,0,0.1,0,0,0,1100,5587.171043014183,-12689.705013188155
76.67110327674403,-85.26669501776446,0,0.1,0,0,0,1100,1949.585636644149,-23533.370580973296
18.58877455343831,-24.6477030269657,0,0.1,0,0,0,1100,39910.228474748554,-18312.02414139808
37.62236665243848,-1.500369999450072,0,0.1,0,0,0,1100,55257.58243739869,-1447.2915034869745
34.32410797659027,39.279578755894306,0,0.1,0,0,0,1100,42414.538301018045,34689.842021657285
70.962932152971,47.78079919670799,0,0.1,0,0,0,1100,21605.883429794223,23810.82646651549
69.32735107929489,-80.32666345516054,0,0.1,0,0,0,1100,5777.237503560565,-33886.94658561124
69.92302078976826,66.55346362216648,0,0.1,0,0,0,1100,13361.389779238623,30805.36863161401
46.392104894842575,75.09316047779663,0,0.1,0,0,0,1100,13883.876221177561,52150.63075145362
35.719035524433274,-44.07610140756571,0,0.1,0,0,0,1100,39560.65106745792,-38303.456247746464
67.09676411408059,-36.58586377218135,0,0.1,0,0,0,1100,29905.337837295363,-22197.346996126173
0.6016450840683429,-40.645077481851224,0,0.1,0,0,0,1100,1929.320884368764,-1655.388050222292
47.592536640511085,74.02938444217807,0,0.1,0,0,0,1100,14723.37572854883,51442.58327919239
41.74030746799159,44.52356631076171,0,0.1,0,0,0,1100,39297.41387710444,38648.26272049933
28.077491901967935,34.535444103140804,0,0.1,0,0,0,1100,43076.39232812875,29644.14767705743
64.97468392420542,48.30579757281549,0,0.1,0,0,0,1100,26464.78876103949,29708.357120060737
54.167293983493245,-0.7207044044383792,0,0.1,0,0,0,1100,49846.121290122996,-627.0164000415982
46.92987670882292,-24.323423076090492,0,0.1,0,0,0,1100,48997.50166654269,-22146.594131754024
67.29309476053318,-77.8073791060683,0,0.1,0,0,0,1100,7814.936110335119,-36163.210805014176
48.48651056034227,24.052007639331023,0,0.1,0,0,0,1100,48512.11073392928,21651.32190579385
39.088926609335886,-45.892068393831686,0,0.1,0,0,0,1100,38500.25719377072,-39716.56175327416
1.2232879664756435,-89.20285932728117,0,0.1,0,0,0,1100,71.15218298360847,-5041.973479641911
40.22685314321539,-40.53537643453499,0,0.1,0,0,0,1100,42007.35458657454,-35921.19916115075
15.237454112871138,-44.574262863888066,0,0.1,0,0,0,1100,28026.26512890459,-27611.72577587669
64.55093770681707,-62.385378406980834,0,0.1,0,0,0,1100,18667.990847982313,-35684.08887496085
25.946559035971767,-64.22095883442553,0,0.1,0,0,0,1100,22147.90420878471,-45855.423408831615
60.253805370811016,-22.841893828267644,0,0.1,0,0,0,1100,41274.333647859334,-17385.033325078926
45.09201369228575,70.93445682703063,0,0.1,0,0,0,1100,17767.35324260728,51406.128272223585
80.37592892641871,67.74939985603345,0,0.1,0,0,0,1100,6621.036926929836,16181.042024161245
50.68419905984953,2.586173721821325,0,0.1,0,0,0,1100,51974.19017310218,2347.521168681314
45.676169256760716,-66.15467203660924,0,0.1,0,0,0,1100,21916.138807237567,-49581.54076631304
77.92088865497955,-63.799763637493015,0,0.1,0,0,0,1100,9534.962840166352,-19375.180605955386
12.047283752499002,44.621845139490716,0,0.1,0,0,0,1100,24209.68574935278,23891.21948526097
78.73295929396949,-56.005156040723676,0,0.1,0,0,0,1100,11325.675183779733,-16792.665594593855
56.99838437854082,-75.02393581116888,0,0.1,0,0,0,1100,12324.983721821753,-46070.65867256984
16.038649909997012,87.16737710623849,0,0.1,0,0,0,1100,2003.6289053981407,40474.3906819598
52.7263737475535,-30.231329518305728,0,0.1,0,0,0,1100,43904.51358572216,-25584.49069081672
35.88115791898385,-43.11614424337671,0,0.1,0,0,0,1100,40215.145210396084,-37652.51806924358
43.99449817422755,64.52371241304053,0,0.1,0,0,0,1100,23523.401035439056,49368.309944115965
14.60894605161849,19.27061249508435,0,0.1,0,0,0,1100,36224.550638688175,12664.452883428108
4.761090786155618,48.77418238396592,0,0.1,0,0,0,1100,11184.593237744299,12763.306770675115
4.013533233030642,-11.136980722755453,0,0.1,0,0,0,1100,14427.810118561061,-2840.0840398866826
16.917373008617698,26.27956364442437,0,0.1,0,0,0,1100,37438.82527523501,18486.313504054047
38.36082012309552,60.95183324855918,0,0.1,0,0,0,1100,26855.619313983072,48351.1102582948
73.69822790091044,54.16035466233032,0,0.1,0,0,0,1100,16516.477715366866,22865.909274730333
35.88591884095235,-31.418029590117747,0,0.1,0,0,0,1100,47014.82299578925,-28717.414718332235
71.65050607334564,-84.89592923208994,0,0.1,0,0,0,1100,2775.4733961531147,-31062.30076314389
65.50493944841449,-36.81205098766189,0,0.1,0,0,0,1100,31358.56857637026,-23468.71122130826
70.74907486749204,36.21752210400709,0,0.1,0,0,0,1100,26179.613918386316,19172.146138546403
45.328279777729655,-67.83274234172718,0,0.1,0,0,0,1100,20496.037711070763,-50303.307117004566
17.545799097845677,-39.06558438952466,0,0.1,0,0,0,1100,33070.043312606984,-26841.30162575005
83.28111152464137,-55.47818309525683,0,0.1,0,0,0,1100,7027.192721815365,-10214.809717051408
80.31525637397668,7.20866269020479,0,0.1,0,0,0,1100,17448.63417994989,2206.8288827114084
87.28007908725279,59.18365126350369,0,0.1,0,0,0,1100,2609.5519267435257,4373.049036185226
56.04181102240667,-51.855080935955066,0,0.1,0,0,0,1100,29931.516555333674,-38109.9057896545
28.90920397351257,-55.61674984132697,0,0.1,0,0,0,1100,29790.260530278076,-43533.389148157425
85.6519548305127,-88.0498667202038,0,0.1,0,0,0,1100,276.6856651646904,-8096.593860560102
27.256470356118385,27.409658706453484,0,0.1,0,0,0,1100,45982.53312458276,23844.397863878683
57.32338682848682,78.70554789307695,0,0.1,0,0,0,1100,9288.411536308337,46502.387847860635
3.826235861498467,-51.35441584322685,0,0.1,0,0,0,1100,8816.788150225502,-11025.24332752415
56.63737730191107,82.58344059929448,0,0.1,0,0,0,1100,6195.008318582591,47583.54445841036
82.94878102050022,-62.5332802650077,0,0.1,0,0,0,1100,5992.663218134307,-11526.138506120902
66.25600703171926,-2.967782439645987,0,0.1,0,0,0,1100,38221.41261359014,-1981.4727720522326
42.301004001162504,-59.080382476414975,0,0.1,0,0,0,1100,28278.493282009968,-47211.058582608886
21.833790059540608,-70.2317198379489,0,0.1,0,0,0,1100,16056.628922533862,-44673.70528533995
42.79271305104876,32.34629185023287,0,0.1,0,0,0,1100,46420.638891652925,29397.797358090265
63.42697291460057,-67.93001319269452,0,0.1,0,0,0,1100,15603.968055944837,-38482.99336765124
65.89593449459632,65.57362066092611,0,0.1,0,0,0,1100,16005.98974485562,35239.66839670038
53.512879065191726,-36.48216142431357,0,0.1,0,0,0,1100,40443.23367039352,-29905.888831500233
50.76219509913218,-18.880694972160143,0,0.1,0,0,0,1100,49187.28898976463,-16821.605735162935
44.03825824074689,81.07097858060123,0,0.1,0,0,0,1100,8487.155126871821,54012.448160383436
31.541525901162856,-23.14062262898223,0,0.1,0,0,0,1100,49605.08747944505,-21199.375575570313
9.298611005767713,67.74575402968483,0,0.1,0,0,0,1100,10793.85014209872,26375.6622697007
19.822159954256282,45.06229191280505,0,0.1,0,0,0,1100,32038.375491488907,32107.113341528722
87.33984147725954,39.91752050137799,0,0.1,0,0,0,1100,3821.1106123640593,3196.093587768621
69.30137149725086,-88.57451911261732,0,0.1,0,0,0,1100,857.024477479955,-34399.69633433172
85.29819274312368,48.62066374563102,0,0.1,0,0,0,1100,5784.799549397642,6565.204429242714
50.20042844881335,-55.61932138304302,0,0.1,0,0,0,1100,29526.44981471862,-43151.77621426848
56.71683578963222,4.605247414428817,0,0.1,0,0,0,1100,47766.95829331766,3847.560733533002
24.258385363482592,-57.86022929177564,0,0.1,0,0,0,1100,26409.602932460162,-42033.7887095014
30.92909002094744,-70.33941783126927,0,0.1,0,0,0,1100,18068.596496538732,-50569.87833769994
15.289716774615833,36.715401644097454,0,0.1,0,0,0,1100,31601.73651170339,23567.67976767596
25.503962462600505,-34.067393639552876,0,0.1,0,0,0,1100,41921.301241862166,-28347.18902351324
80.85498976697349,-45.25190604642849,0,0.1,0,0,0,1100,11729.414776303198,-11831.894784696691
43.68851287318954,-51.10451554435822,0,0.1,0,0,0,1100,34383.85233867301,-42617.403524359
30.130891635753287,75.62074802939645,0,0.1,0,0,0,1100,13250.595918103681,51681.45696677761
8.137614756035438,68.26856316492626,0,0.1,0,0,0,1100,9578.676191472654,24029.25178686064
6.173012141521911,19.695463708062576,0,0.1,0,0,0,1100,19714.309385421788,7056.625838119119
22.12894318966585,-21.529968915633646,0,0.1,0,0,0,1100,44425.866605945164,-17526.009446229888
6.527519591577537,-79.38968524827496,0,0.1,0,0,0,1100,4028.9708026649228,-21501.568296098107
77.40013641658473,-64.76597470756045,0,0.1,0,0,0,1100,9568.367042047472,-20300.158629064048
72.82541703821487,-57.43130301112244,0,0.1,0,0,0,1100,15878.67604040421,-24857.057027885752
66.45766965336747,-26.9345423440316,0,0.1,0,0,0,1100,33903.382854746545,-17225.35724972902
55.96204721868585,33.83334212543343,0,0.1,0,0,0,1100,40305.278570602924,27015.341392082384
54.62274731343851,-25.636388801680994,0,0.1,0,0,0,1100,44650.814295737335,-21427.316264984765
82.24998948181849,28.654923540143216,0,0.1,0,0,0,1100,12486.157622285979,6822.662972308633
59.383789850037225,-48.218900087083284,0,0.1,0,0,0,1100,30387.463344816228,-34007.86611922395
73.3043285980586,-24.189257945776973,0,0.1,0,0,0,1100,26264.650472538513,-11797.370085753735
66.54889862252034,-33.3599809140723,0,0.1,0,0,0,1100,31669.964293876295,-20849.931478989463
35.70026509013418,-26.670508802753346,0,0.1,0,0,0,1100,49204.60776106481,-24714.813448622685
24.39255100378762,82.32733204214782,0,0.1,0,0,0,1100,6643.307090030563,49304.68919889729
9.456729602752201,58.22016192800339,0,0.1,0,0,0,1100,15190.804970178138,24517.907600268092
64.84574137279806,28.612003733737097,0,0.1,0,0,0,1100,35058.9031343479,19123.71850542238
0.7109562780448753,-11.234028874226368,0,0.1,0,0,0,1100,2936.03878164682,-582.9593543125366
76.91935154902117,-86.30702740855916,0,0.1,0,0,0,1100,1496.4009890145715,-23168.43700508673
37.48496262188364,-88.26036553145087,0,0.1,0,0,0,1100,1678.7615155603617,-55240.60853420322
33.56671480372503,41.84189371623046,0,0.1,0,0,0,1100,40679.640254629914,36424.45822506723
4.04941689273481,53.03304221472101,0,0.1,0,0,0,1100,8910.240497243345,11837.158371912516
62.68806728709107,-55.660819657936514,0,0.1,0,0,0,1100,23874.62426297938,-34945.62912509722
1.643930931106774,-80.33410180195433,0,0.1,0,0,0,1100,1114.6545220928242,-6538.473648463868
41.46079293901036,-72.31361341991871,0,0.1,0,0,0,1100,16757.10450793609,-52546.51592707096
5.203843607803467,-7.280524120014917,0,0.1,0,0,0,1100,18110.122107163013,-2313.5528125134338
25.75461112056361,15.612970364844202,0,0.1,0,0,0,1100,48914.24421289489,13668.759871215398
85.51881463779856,-60.00044739680183,0,0.1,0,0,0,1100,4173.716834207925,-7227.415056564226
79.05724884100475,60.37303507767351,0,0.1,0,0,0,1100,9746.57634134947,17136.533485741642
18.511628980931796,8.814730429280843,0,0.1,0,0,0,1100,43298.89614760457,6714.267343118871
39.260646751008274,67.51245452640956,0,0.1,0,0,0,1100,21156.736329809693,51105.88377572864
75.3167647305518,-24.927607431067415,0,0.1,0,0,0,1100,23347.04285182202,-10850.453304699717
41.343374737137395,-83.3134887419134,0,0.1,0,0,0,1100,6424.609010779651,-54792.84896794549
73.37508231043066,81.37602898741673,0,0.1,0,0,0,1100,4302.5818345471025,28362.623413825782
12.855361150343343,9.386839271960469,0,0.1,0,0,0,1100,34989.23557593876,5784.00816539503
74.54498808626349,26.357902441520764,0,0.1,0,0,0,1100,24131.300322688992,11956.294777908774
24.31652541315518,-60.02816233698904,0,0.1,0,0,0,1100,24824.19719727191,-43043.81676086279
23.518134410083167,-49.69039294456138,0,0.1,0,0,0,1100,31713.549887027835,-37381.422931034285
89.19344150932635,-84.35931272987305,0,0.1,0,0,0,1100,149.8905578432861,-1507.4797044493298
61.73092716888696,-51.99948038748314,0,0.1,0,0,0,1100,26671.87462219677,-34136.47612739676
15.003574996135331,46.114412136481604,0,0.1,0,0,0,1100,27027.129448776748,28098.44655311961
63.97287585042446,50.305590571787604,0,0.1,0,0,0,1100,26138.517770663046,31489.04351837016
82.27355410232931,59.80852333199056,0,0.1,0,0,0,1100,7135.114081858063,12261.830604398812
58.770045933594,19.376094253293644,0,0.1,0,0,0,1100,43551.43102612478,15316.106608878457
28.337321034772117,-68.69019647812357,0,0.1,0,0,0,1100,19057.591907627993,-48852.903181116446
50.029651668964405,15.102402210665971,0,0.1,0,0,0,1100,50567.59466139214,13646.188817414035
56.29903977951965,-71.93756561947994,0,0.1,0,0,0,1100,14962.87988874846,-45877.67875244113
17.542968356459063,-9.878349463513771,0,0.1,0,0,0,1100,41957.318463987016,-7306.211231915529
17.135871718129117,4.290735437093218,0,0.1,0,0,0,1100,41931.639088761556,3145.962277540842
61.3067760675419,3.616317333580085,0,0.1,0,0,0,1100,43664.116202440906,2759.534742644607
76.16408757181071,80.58539408180579,0,0.1,0,0,0,1100,3995.382264207493,24089.993962555407
13.788588438040195,-86.07455792128194,0,0.1,0,0,0,1100,2537.4538882734055,-36963.558268451285
39.41480443370494,6.148515166493439,0,0.1,0,0,0,1100,54991.07112604428,5923.842167119885
21.752903963343314,-32.24614100626698,0,0.1,0,0,0,1100,40083.4538863635,-25286.170232248827
48.745188766173186,-53.934352204103995,0,0.1,0,0,0,1100,31206.0132313579,-42846.38877968445
72.65788913218258,80.59351345244696,0,0.1,0,0,0,1100,4861.567866373511,29339.69599514877
47.24090159409321,-37.01942373691363,0,0.1,0,0,0,1100,42836.11365255559,-32301.324172956785
22.305322916084794,40.129511794102626,0,0.1,0,0,0,1100,36643.87680631409,30888.438791944296
35.0633382017293,-57.604421323299945,0,0.1,0,0,0,1100,29441.00136035105,-46397.82413505154
30.443284391289957,26.121401280794487,0,0.1,0,0,0,1100,48030.73853628416,23551.775991188602
27.00334486148586,-82.63038742450274,0,0.1,0,0,0,1100,6624.3157026943745,-51208.97402420132
7.199592919825347,88.35096190727472,0,0.1,0,0,0,1100,679.957779834547,23583.85379092188
69.47573185463357,70.69408299993106,0,0.1,0,0,0,1100,11300.827114115285,32256.56177953414
2.230788219789419,-47.1909251479573,0,0.1,0,0,0,1100,5959.913170680125,-6432.882935272585
35.484577630018926,59.52310195833496,0,0.1,0,0,0,1100,27909.88723751718,47423.603348732126
68.67153466845603,-59.46937711826958,0,0.1,0,0,0,1100,17902.40046247891,-30353.382020466106
19.100175563498798,-82.55850526352071,0,0.1,0,0,0,1100,5767.513808594561,-44149.23355085098
10.287435432967039,1.8683363665587365,0,0.1,0,0,0,1100,30576.33120020238,997.3729257123695
74.55909927146602,43.025744200202354,0,0.1,0,0,0,1100,19672.383380957024,18360.393516176096
66.88712517257349,-7.732592303883493,0,0.1,0,0,0,1100,37161.70015187564,-5045.775558483086
19.958558349203035,50.82995839104731,0,0.1,0,0,0,1100,28746.118815729747,35282.64775676843
0.7686580099077567,-73.87336013914519,0,0.1,0,0,0,1100,897.9251530240666,-3102.025796415811
51.69891022634393,20.529554819544302,0,0.1,0,0,0,1100,48180.67298928128,18041.97364858403
67.53212502204474,-53.09655493882719,0,0.1,0,0,0,1100,22037.197800039463,-29345.742002906634
17.54674054783905,32.276574145276996,0,0.1,0,0,0,1100,36012.24007238829,22744.758636358456
75.99470375275097,35.504989146374584,0,0.1,0,0,0,1100,20096.871686910556,14336.886341165695
49.02269354166078,-30.911663013943816,0,0.1,0,0,0,1100,45366.27736987349,-27162.84821392899
56.39711378736909,-23.75047213492593,0,0.1,0,0,0,1100,44098.57347527958,-19403.632056429036
17.544312548342724,-41.59663566000432,0,0.1,0,0,0,1100,31850.98592884265,-28274.260047798165
9.323998980864715,-17.131851756724515,0,0.1,0,0,0,1100,27287.877039401115,-8411.08404910236
56.00031329826837,22.939382892668334,0,0.1,0,0,0,1100,44657.146909850264,18899.67746962257
33.03753138933355,-36.977796119659914,0,0.1,0,0,0,1100,43501.14740230901,-32752.930964604904
66.31230087208256,76.93429065983301,0,0.1,0,0,0,1100,8637.648751235758,37214.66580794902
36.128245027521366,84.83986285223713,0,0.1,0,0,0,1100,4958.998102270567,54902.39898131975
30.682222591739315,-62.52015208249984,0,0.1,0,0,0,1100,24732.704297970293,-47549.986033557245
71.93963027736082,63.27487730982125,0,0.1,0,0,0,1100,13840.757217591216,27487.262318677993
75.76300502020874,14.713754655701038,0,0.1,0,0,0,1100,24228.93123577506,6362.295723609161
77.04041888907072,-79.67298802657172,0,0.1,0,0,0,1100,4128.15231546057,-22649.371691251694
65.90398895836177,30.29174391047289,0,0.1,0,0,0,1100,33412.31291352855,19517.537016426864
65.18541719956451,17.263395699386777,0,0.1,0,0,0,1100,37761.1149495117,11734.507507699373
87.72481606655704,-72.153418486259,0,0.1,0,0,0,1100,1307.6658112044427,-4058.444565479426
10.844291685649821,-4.144682987932882,0,0.1,0,0,0,1100,31632.70362239661,-2292.1715702853176
20.167187925509626,-21.533579690936193,0,0.1,0,0,0,1100,42549.300726928996,-16788.764936672906
0.9119785669793712,-8.691673250719674,0,0.1,0,0,0,1100,3770.5284747738942,-576.25267704084
5.278836881068609,-23.87869811771415,0,0.1,0,0,0,1100,16890.3223724754,-7476.682915081491
68.97594380929496,76.7793549365199,0,0.1,0,0,0,1100,7969.098397970473,33917.18448099458
87.05355499899564,-49.135038065556834,0,0.1,0,0,0,1100,3608.008068123486,-4169.1355875533345
1.991162823457031,5.579007061195682,0,0.1,0,0,0,1100,7871.732196380886,768.8206149311527
82.68392084633695,-15.815974183407974,0,0.1,0,0,0,1100,12952.266178070062,-3668.7094728437796
20.50850229126532,12.667268555463323,0,0.1,0,0,0,1100,44990.47879945536,10111.813910038842
30.969408187536498,-11.709126821189116,0,0.1,0,0,0,1100,52600.89909991546,-10901.511672974797
20.336795181336377,69.2476944264765,0,0.1,0,0,0,1100,16274.009363276127,42946.65775692784
43.73689133388861,-21.392464964579275,0,0.1,0,0,0,1100,50976.28128016444,-19969.18587353333
28.09341815670572,29.613384946746322,0,0.1,0,0,0,1100,45469.01296814363,25843.477822047786
54.98929685233847,84.55756159815866,0,0.1,0,0,0,1100,4672.906967189546,49035.922916752184
44.37337194736639,67.4391589047444,0,0.1,0,0,0,1100,20945.181393654097,50412.249774807504
71.27223411004171,82.53388426494993,0,0.1,0,0,0,1100,4122.624961674193,31450.565348598964
8.603955125602173,71.49740339180795,0,0.1,0,0,0,1100,8552.843977879143,25554.918642754
56.504939435222596,60.10337623480132,0,0.1,0,0,0,1100,23971.617052262944,41691.86561830589
56.726093544045554,-84.79475863157413,0,0.1,0,0,0,1100,4347.858029272846,-47715.03988093923
47.21446318597605,46.2955627497204,0,0.1,0,0,0,1100,37076.39175197913,38791.166326851024
30.379403563987676,25.612909269309483,0,0.1,0,0,0,1100,48212.34890752353,23112.36550254176
3.082962417121784,-84.79395889865472,0,0.1,0,0,0,1100,1063.0691017313416,-11656.442163500473
4.081083729690018,-33.20415652200372,0,0.1,0,0,0,1100,12479.511635628778,-8166.887334504429
14.494062171900197,13.559814757948203,0,0.1,0,0,0,1100,37128.81944110748,8954.605283719098
63.53109753810149,-74.16277797162836,0,0.1,0,0,0,1100,11302.579017981532,-39839.939359609525
48.28485049650706,35.28287799642327,0,0.1,0,0,0,1100,43439.60863472193,30736.764812289
24.184242188321807,-7.948935636470864,0,0.1,0,0,0,1100,49105.5828579758,-6856.518155456121
42.685531999963445,70.72061065248641,0,0.1,0,0,0,1100,18149.200079545994,51882.94745731437
26.222586276351418,81.51304056725465,0,0.1,0,0,0,1100,7544.995664594214,50556.76421470089
26.541015968994312,-41.93127294707592,0,0.1,0,0,0,1100,38189.911339536666,-34302.273004870214
18.227104296559993,86.7156739685326,0,0.1,0,0,0,1100,2491.020583939598,43391.36048100254
54.02700453337195,13.710463004912654,0,0.1,0,0,0,1100,48524.81761123716,11838.219792273861
41.960841232478415,76.93324433023486,0,0.1,0,0,0,1100,12455.071924438154,53659.20351019245
21.706636127535482,-75.28391162758294,0,0.1,0,0,0,1100,12028.387993041133,-45792.610670200025
60.060810360823126,-24.158212313400796,0,0.1,0,0,0,1100,41032.596012712434,-18404.26102329547
7.633421001326126,-13.37087499755016,0,0.1,0,0,0,1100,23995.132099821545,-5703.31128838151
52.522260807121675,-16.81247537770946,0,0.1,0,0,0,1100,48767.15285393123,-14734.807797635529
54.154238420591646,13.273460352769632,0,0.1,0,0,0,1100,48527.270501620085,11447.393230085067
42.867645031526955,-78.41079293708235,0,0.1,0,0,0,1100,11036.342280452127,-53811.22613109947
73.53379722246336,70.12125591344147,0,0.1,0,0,0,1100,9675.37996675331,26756.189401833402
77.21780040039188,-23.081962354273315,0,0.1,0,0,0,1100,20917.55261779135,-8913.798358374828
25.85946524710729,13.068185979024221,0,0.1,0,0,0,1100,49545.93190761519,11500.470513236243
11.779077427753627,-18.686897589759255,0,0.1,0,0,0,1100,31749.0969210042,-10737.891072096832
82.09495820649704,9.101074533600936,0,0.1,0,0,0,1100,14318.989991135377,2293.6458390259454
66.62069874145786,-18.843910606911237,0,0.1,0,0,0,1100,35802.17570734012,-12218.179664589043
57.04308099145706,45.41670639622217,0,0.1,0,0,0,1100,33451.32066000262,33940.45558605118
67.4649706692926,83.96487073385012,0,0.1,0,0,0,1100,3868.2738265299627,36578.89994296062
28.228915394223687,-30.1353252891437,0,0.1,0,0,0,1100,45298.764213499395,-26295.23803295018
66.57023047884891,18.82898507963769,0,0.1,0,0,0,1100,35863.684808469116,12228.902191447924
67.68401270477369,-42.95696145069955,0,0.1,0,0,0,1100,26719.060603820988,-24877.154251813652
37.93091750056922,5.0138832419618495,0,0.1,0,0,0,1100,55081.91882414835,4832.404980093152
70.46382743185967,-51.048279511252076,0,0.1,0,0,0,1100,20647.171294985143,-25539.776976329744
47.458734532483895,-41.34122645785602,0,0.1,0,0,0,1100,40214.941930143716,-35379.718625401365
55.35377230351488,-85.07633805302099,0,0.1,0,0,0,1100,4205.434994182758,-48805.37979205003
46.252091521243,59.37872190390121,0,0.1,0,0,0,1100,27514.70938037971,46483.73419004538
3.559702143548238,-50.374640946516735,0,0.1,0,0,0,1100,8462.186242234662,-10218.53212607636
20.010227644472575,31.408571933704835,0,0.1,0,0,0,1100,38891.5228371782,23746.86347465644
80.73679449762136,-53.82928216021058,0,0.1,0,0,0,1100,9953.746618979207,-13613.238119948133
68.08844426120027,-80.30305188238597,0,0.1,0,0,0,1100,6063.418147250538,-35477.7139303601
14.53066978241049,-20.989916451095624,0,0.1,0,0,0,1100,35713.13091108933,-13701.310346138238
36.19899248381946,89.02761755956811,0,0.1,0,0,0,1100,936.6739478982886,55127.50835361475
50.654715041595594,33.759401540137276,0,0.1,0,0,0,1100,43267.86833974846,28920.26753855941
46.4084871969551,-86.44410790090966,0,0.1,0,0,0,1100,3347.7821654850886,-53857.07318934386
86.16673159221376,-44.49331153022453,0,0.1,0,0,0,1100,5104.348470446543,-5013.850055290164
39.9122577403549,-51.736270275998706,0,0.1,0,0,0,1100,34240.69242787639,-43411.340280373915
3.3245792294365284,-15.764355221489424,0,0.1,0,0,0,1100,12034.169668508872,-3396.900687119494
60.93986184093488,-43.0495779749546,0,0.1,0,0,0,1100,32239.50603691178,-30114.934966755125
22.15198878683364,-21.474713746819035,0,0.1,0,0,0,1100,44463.26745239088,-17491.37396635899
86.06819288787301,14.961253164718798,0,0.1,0,0,0,1100,7088.189080860801,1893.870633040814
44.24410950425924,-88.11847419589076,0,0.1,0,0,0,1100,1794.4436087197134,-54593.391279130934
42.643311578853634,81.30377891771846,0,0.1,0,0,0,1100,8312.691974922147,54341.12031884172
60.68526676853011,-43.49194733995253,0,0.1,0,0,0,1100,32187.869387910898,-30535.517421056793
50.537094766133116,-81.48099915841799,0,0.1,0,0,0,1100,7719.89983991687,-51531.30346264857
74.35321352039006,-70.92591171474086,0,0.1,0,0,0,1100,8896.678954684334,-25726.519540050427
41.67966291275905,-64.62833237749511,0,0.1,0,0,0,1100,23621.59305631475,-49807.69773287373
49.595111675525274,-70.66339737293359,0,0.1,0,0,0,1100,17416.76118330405,-49629.663994909715
22.810706196630914,-65.57390655300452,0,0.1,0,0,0,1100,20012.77537443831,-44062.045314011666
32.955849882771474,-33.877321265254835,0,0.1,0,0,0,1100,45188.56594061122,-30338.52834380673
40.33001038271609,-72.69637433657624,0,0.1,0,0,0,1100,16438.514198671048,-52762.98825711646
65.28710857748439,-6.402753554208672,0,0.1,0,0,0,1100,39177.91870505319,-4396.2829578261535
70.1145961088601,18.673463776014444,0,0.1,0,0,0,1100,31565.281214059796,10667.628609379082
47.31975548001012,-78.85176791999231,0,0.1,0,0,0,1100,10367.910344642527,-52605.89448756104
65.04530318686422,-1.6173324057653957,0,0.1,0,0,0,1100,39689.3656999327,-1120.6000440939185
79.1809903941857,-44.22248691661295,0,0.1,0,0,0,1100,13980.245571285892,-13604.721534846622
74.26775049335913,-12.018639748501172,0,0.1,0,0,0,1100,26752.240282685863,-5695.240477220535
82.57022207393346,14.669738548715188,0,0.1,0,0,0,1100,13217.882586653152,3459.924172249319
84.44727552387587,28.880852578145394,0,0.1,0,0,0,1100,9019.066446159703,4974.30876443998
32.94822887264999,66.26252952464796,0,0.1,0,0,0,1100,21909.697918607864,49820.855136278515
56.80341292245315,75.06912293815984,0,0.1,0,0,0,1100,12329.792915250075,46234.72407530318
63.60311483392215,63.449042522658885,0,0.1,0,0,0,1100,18476.57717965076,36973.88879189061
75.21314266709648,31.449191199593827,0,0.1,0,0,0,1100,22100.431293685167,13515.60690334587
86.77585779385406,-75.55125673178546,0,0.1,0,0,0,1100,1505.0999903446886,-5837.4346681270645
36.037086467684574,-13.399126207345844,0,0.1,0,0,0,1100,53613.81095378476,-12771.387031199023
36.28307664171342,-26.41610722662967,0,0.1,0,0,0,1100,49389.535987924595,-24533.694272965276
15.677140800387225,-63.07437538876306,0,0.1,0,0,0,1100,18113.491392301836,-35661.57835545125
59.145376536980976,51.0846954872606,0,0.1,0,0,0,1100,28786.8821010233,35655.242394819645
61.1021470917628,74.0914224698158,0,0.1,0,0,0,1100,12049.214152712831,42271.56499502796
71.25569692109535,-73.66306825146559,0,0.1,0,0,0,1100,8929.750722482964,-30460.96644837965
27.045084512391206,53.980969760062635,0,0.1,0,0,0,1100,30381.395267223685,41785.83375054615
87.42667475930041,13.84254470141687,0,0.1,0,0,0,1100,4680.2125289919495,1153.0096527665207
21.148929575589058,-35.536820548662305,0,0.1,0,0,0,1100,38071.6634333552,-27192.43757285978
8.2991209411446,11.179387973321681,0,0.1,0,0,0,1100,25748.439666669237,5088.505291890945
75.86623128111339,70.5420863337084,0,0.1,0,0,0,1100,8291.430077629422,23466.217800670922
1.7774132598557468,16.419131863584397,0,0.1,0,0,0,1100,6837.4040312798425,2014.5438782819115
24.62786957696386,0.6359256538231506,0,0.1,0,0,0,1100,49935.69297026195,554.2477393896851
61.186443846185284,2.4943073029701566,0,0.1,0,0,0,1100,43830.30933731496,1909.2659720132028
81.5138675096938,-58.907063887413344,0,0.1,0,0,0,1100,8014.720693365542,-13288.002866823099
29.246004130582147,47.28004028721756,0,0.1,0,0,0,1100,35905.941964127815,38882.626126332005
1.6098941814807288,-50.069588460118865,0,0.1,0,0,0,1100,4176.851160498451,-4988.810024281694
74.66167113437561,-10.900227483427145,0,0.1,0,0,0,1100,26270.417366287085,-5058.800123154181
24.192205000739097,-62.05817457437947,0,0.1,0,0,0,1100,23236.448970291578,-43806.64389111674
22.23673773189993,50.96083455812118,0,0.1,0,0,0,1100,30145.629551655224,37173.532041252125
32.2508903226878,-72.01962576782287,0,0.1,0,0,0,1100,16732.133669173778,-51552.66836225477
55.9797264866944,40.92479441992518,0,0.1,0,0,0,1100,36651.420299074234,31775.361369847968
39.83667858231324,23.65765026025946,0,0.1,0,0,0,1100,50647.12320860605,22187.460084950308
24.818951228065472,55.03818616184057,0,0.1,0,0,0,1100,28702.672592827977,41048.436319774846
70.23661866731564,-60.62523646488738,0,0.1,0,0,0,1100,16262.761543725288,-28889.705391598116
83.41263300335872,-5.1234708937150515,0,0.1,0,0,0,1100,12115.190744454576,-1086.1530576073146
88.94190378726825,-6.348530799267479,0,0.1,0,0,0,1100,1975.5466790434086,-219.68462144587804
40.04263071086237,-41.62402655900736,0,0.1,0,0,0,1100,41325.66704135592,-36720.66898168713
89.28381964007052,-46.89723101533924,0,0.1,0,0,0,1100,920.1717181506616,-982.1382610686371
41.16755290850875,-65.54398664927108,0,0.1,0,0,0,1100,22848.672720172963,-50236.3424848375
9.045917733990255,76.55344157206096,0,0.1,0,0,0,1100,6498.654053087653,27176.320412978705
68.09339276520242,52.834109478531445,0,0.1,0,0,0,1100,21740.969509580198,28676.785859631025
33.02271066616626,-1.3285029803568165,0,0.1,0,0,0,1100,54434.11281737007,-1262.3527941284283
55.950287667840264,18.99896060964231,0,0.1,0,0,0,1100,45887.21747584464,15798.960648191862
58.70042946670685,-88.38712846599152,0,0.1,0,0,0,1100,1302.1321119459778,-46208.69530314869
62.979594385039945,32.26507235841292,0,0.1,0,0,0,1100,35524.848517564766,22426.946606222176
85.51139236621582,-41.15651100879424,0,0.1,0,0,0,1100,6294.72786931706,-5501.252798477625
83.54367554104739,-27.43923767221701,0,0.1,0,0,0,1100,10587.133233475284,-5496.510405147336
20.371348402874972,13.229004546541972,0,0.1,0,0,0,1100,44745.090337339076,10518.531121471282
42.34130747297043,-54.08656996759759,0,0.1,0,0,0,1100,32276.918432801558,-44564.78434576252
29.34575949455142,19.613875007408197,0,0.1,0,0,0,1100,49902.37426969805,17782.697856915172
85.28203754091822,-53.60479356611142,0,0.1,0,0,0,1100,5210.077898844806,-7066.638154696832
60.088230823724345,20.02081911978155,0,0.1,0,0,0,1100,42228.942469013,15387.09314088787
37.46240179953886,33.208684763267854,0,0.1,0,0,0,1100,46240.084338786866,30268.020023399375
80.70391375204116,54.16764712777464,0,0.1,0,0,0,1100,9906.304181635933,13717.709834098914
15.59388600194064,-20.539066324978876,0,0.1,0,0,0,1100,37341.60045235371,-13989.899818395144
34.582724054184496,33.603542690709034,0,0.1,0,0,0,1100,45685.867029757974,30357.02494570649
69.9153305540046,16.090607104848985,0,0.1,0,0,0,1100,32273.392149283245,9309.216223650767
19.78697083792047,-49.97165936194433,0,0.1,0,0,0,1100,29147.613717483386,-34700.44551204461
56.3292066345999,-49.60901761908369,0,0.1,0,0,0,1100,31255.27420218036,-36735.07019517131
26.832069273313166,-49.33569807712651,0,0.1,0,0,0,1100,33576.11395595347,-39083.305969364235
81.08674392329586,-55.770296875361105,0,0.1,0,0,0,1100,9147.139091739304,-13443.084526592158
45.88951791740271,21.79227213064948,0,0.1,0,0,0,1100,50271.48072221067,20098.893182261905
70.88796340668974,-30.96520777161625,0,0.1,0,0,0,1100,27659.70986822448,-16595.973955306225
64.22640541713865,39.94838059107465,0,0.1,0,0,0,1100,31156.140163664837,26094.471440825848
14.826042773201047,-81.26439736776561,0,0.1,0,0,0,1100,5880.467821662544,-38262.82169085065
10.984161746346063,-64.70677768889932,0,0.1,0,0,0,1100,13669.047391815477,-28923.3468717282
1.623805427856051,31.565891456802973,0,0.1,0,0,0,1100,5588.478737154588,3432.856359833249
65.12322624133073,62.6973065213823,0,0.1,0,0,0,1100,18171.49247997065,35200.62396136498
48.91988705275598,16.04456098114447,0,0.1,0,0,0,1100,50863.68177834833,14627.459147680453
85.16139113235839,-56.30820679959893,0,0.1,0,0,0,1100,4993.293020945761,-7487.895120979521
31.90967985653195,-43.0688628942594,0,0.1,0,0,0,1100,39508.644415271876,-36929.99835992442
13.247183182111293,-3.076377091388906,0,0.1,0,0,0,1100,36089.85282852759,-1939.5736934406407
10.009712975435544,69.28691295289107,0,0.1,0,0,0,1100,10617.581084961796,28076.570057477074
49.77923852983716,87.36040474331975,0,0.1,0,0,0,1100,2418.9922411035436,52448.4663453774
27.84668164990907,-59.472762137541125,0,0.1,0,0,0,1100,26493.229475327436,-44925.84898351189
78.09539841069392,-50.27123393208884,0,0.1,0,0,0,1100,13620.041963870995,-16387.464184550707
51.4190843913544,-82.94491289651172,0,0.1,0,0,0,1100,6340.0799662122245,-51220.11265248816
88.70094705629764,55.74561084904772,0,0.1,0,0,0,1100,1373.5224195404694,2015.4872662368232
5.575872341327566,-65.4591291874847,0,0.1,0,0,0,1100,8020.010846650832,-17562.678079011195
42.61464804551371,-68.77749628501853,0,0.1,0,0,0,1100,19902.62157795316,-51249.04526997133
79.52007939382628,76.66896338389739,0,0.1,0,0,0,1100,4367.369142425918,18426.451601201163
25.095696741140195,23.363702354000694,0,0.1,0,0,0,1100,46176.94569747445,19947.394465793983
4.941924492057583,77.55296944531997,0,0.1,0,0,0,1100,3772.9183913812535,17088.773562647173
80.3964111509211,22.007771831267092,0,0.1,0,0,0,1100,16177.453867577702,6538.2641645617805
73.59927818980812,51.1325240661929,0,0.1,0,0,0,1100,17793.78248125451,22076.467935213117
80.04590773316252,-36.134853226431616,0,0.1,0,0,0,1100,14575.531629437517,-10641.413208918222
18.653558795495314,-75.81823037838201,0,0.1,0,0,0,1100,10778.227658737806,-42648.025095946694
63.69526520688525,-53.13505239315335,0,0.1,0,0,0,1100,24737.018010524804,-32987.19752162398
84.75504883943533,-27.651430154849372,0,0.1,0,0,0,1100,8628.74595704808,-4520.306062061485
39.1654295322893,18.548181666181563,0,0.1,0,0,0,1100,52440.99417734001,17595.225697817008
0.7234006375142443,-48.6085017580488,0,0.1,0,0,0,1100,2013.369208371895,-2283.2454049186713
82.07879786529156,-21.90832806558923,0,0.1,0,0,0,1100,13480.692421598802,-5421.0618731455925
71.44263263231004,0.38332915519326605,0,0.1,0,0,0,1100,31480.1754401344,210.61002878085955
31.526222042471097,26.822524258712633,0,0.1,0,0,0,1100,48136.13280400146,24338.561365754103
57.394783102785276,-38.295713438278014,0,0.1,0,0,0,1100,37170.894035100224,-29350.120935365205
6.464424714850249,24.811374902867456,0,0.1,0,0,0,1100,19707.6248950563,9110.48715033869
47.56445118801315,-56.197333089664205,0,0.1,0,0,0,1100,29775.63131079132,-44472.21804972145
21.92482777295902,27.210314733551982,0,0.1,0,0,0,1100,42297.87019009929,21747.26521118995
59.6828373308228,-44.119445851546466,0,0.1,0,0,0,1100,32541.047148902326,-31554.591145523973
46.68660753973829,-35.357573868791086,0,0.1,0,0,0,1100,43927.14116824215,-31167.746297592323
63.92667410577867,-69.949607169849,0,0.1,0,0,0,1100,14049.11328839282,-38490.954494611426
70.92288279680523,5.271147759036722,0,0.1,0,0,0,1100,32072.103559742918,2958.8581648905024
17.62958065434335,-46.756438998581956,0,0.1,0,0,0,1100,29255.25493872578,-31104.742667721708
72.56280511733402,-73.71207508279747,0,0.1,0,0,0,1100,8380.638452334517,-28678.43013372567
49.795375792849754,72.67269911054893,0,0.1,0,0,0,1100,15635.86295011947,50113.65022424986
54.59365516990521,83.50804229547037,0,0.1,0,0,0,1100,5602.871595942942,49228.42992921061
19.728284936492376,71.28443079740796,0,0.1,0,0,0,1100,14520.71348627246,42858.29337009815
86.79277022268391,74.98355297461853,0,0.1,0,0,0,1100,1554.7432669733948,5791.997820680453
77.68887516289168,52.94507418508516,0,0.1,0,0,0,1100,13241.420122471049,17535.630190515825
7.022655686262235,77.80776062610155,0,0.1,0,0,0,1100,4889.849808024152,22626.66311028363
28.51591152905696,-81.75251119159978,0,0.1,0,0,0,1100,7537.477897770655,-51993.591255774416
74.50732388563493,-35.619573693146585,0,0.1,0,0,0,1100,21939.038660910064,-15717.347566422106
84.71449390458648,36.046385312400815,0,0.1,0,0,0,1100,7935.972126670869,5774.915434428426
87.12576267325187,-4.676225160192587,0,0.1,0,0,0,1100,5361.925930560614,-438.5034980712697
46.2959043701661,-43.69606213470625,0,0.1,0,0,0,1100,39044.37339759749,-37305.11094330349
68.73467562363659,-66.73421774355093,0,0.1,0,0,0,1100,13887.789894878935,-32297.749813125283
62.252122310692044,60.12845185037298,0,0.1,0,0,0,1100,21308.636095860104,37097.73251618655
10.33329126235799,63.54777610776017,0,0.1,0,0,0,1100,13669.923021791357,27472.963101246733
26.61164183717671,-35.72579820809427,0,0.1,0,0,0,1100,41712.33150170149,-30000.82314178137
74.6040137082745,-85.06691252957361,0,0.1,0,0,0,1100,2309.037352678606,-26740.27421876914
11.564710290675325,-46.829891400910775,0,0.1,0,0,0,1100,22654.57241423746,-24148.62662942271
75.74381768002509,-26.47893556291882,0,0.1,0,0,0,1100,22449.532968404532,-11181.975204603645
21.88636939669061,40.85714521130109,0,0.1,0,0,0,1100,35944.48218600609,31088.194697326922
28.88912147070935,-12.479718214106441,0,0.1,0,0,0,1100,51494.236644048455,-11396.651149206653
37.78023436748301,-34.357715383843406,0,0.1,0,0,0,1100,45640.27590767084,-31200.023314562735
65.60799031970383,72.30280644843992,0,0.1,0,0,0,1100,11870.38825550271,37197.99910654306
79.99062741897652,-5.592365737385435,0,0.1,0,0,0,1100,18054.702406780198,-1767.7521338127924
88.22579189780083,6.826200326274844,0,0.1,0,0,0,1100,3305.364696255775,395.5542298430774
63.14933721354216,-89.6030990370532,0,0.1,0,0,0,1100,290.7490814877657,-41826.492532639415
52.12148506136317,60.24725990817069,0,0.1,0,0,0,1100,25405.635065262377,44443.95879047262
5.801299476574883,60.441482579413275,0,0.1,0,0,0,1100,9833.031761589546,17336.719726410778
48.13923702021754,8.17504460842298,0,0.1,0,0,0,1100,52736.704132914005,7575.886324659452
16.54467470684976,-31.945301823120403,0,0.1,0,0,0,1100,34995.47383651236,-21820.43317483855
54.40315859169049,-51.054591131543305,0,0.1,0,0,0,1100,31230.38095447544,-38639.771806808414
33.462823120162604,-73.16462519724078,0,0.1,0,0,0,1100,15807.049944481494,-52235.24415578443
84.80905374740142,-20.915556492351115,0,0.1,0,0,0,1100,9007.62105935238,-3442.076486118803
35.839150828675244,15.434124821363199,0,0.1,0,0,0,1100,53098.300428363764,14659.462397663307
27.251565765580136,-34.00337614922193,0,0.1,0,0,0,1100,42937.825728725016,-28964.589033769156
19.80318284263725,-28.120557762534865,0,0.1,0,0,0,1100,39985.13503585479,-21367.851217038206
0.04261992263673964,-11.456898916238714,0,0.1,0,0,0,1100,180.76711333531452,-36.43286183577737
39.06135360365031,20.866703407814796,0,0.1,0,0,0,1100,51687.33405881042,19702.682680061982
15.294043625492053,35.67316820540576,0,0.1,0,0,0,1100,32030.485998999913,22992.78368580631
36.71072807022063,-71.7268038130602,0,0.1,0,0,0,1100,17308.105470541173,-52413.98084204
69.77617337136839,51.00549188386128,0,0.1,0,0,0,1100,21254.342674415344,26250.836824007092
25.38557230943527,16.570226542289973,0,0.1,0,0,0,1100,48420.90156360912,14407.206559220018
14.99359685991836,40.27903974817295,0,0.1,0,0,0,1100,29732.186936837203,25195.18708706896
84.44347577933466,70.10246799243643,0,0.1,0,0,0,1100,3508.4935235127673,9690.648087625608
7.038379770800571,-62.46649134011207,0,0.1,0,0,0,1100,10720.302403595493,-20562.081444121803
33.50766980541309,-40.25030277979951,0,0.1,0,0,0,1100,41663.349175750656,-35269.85645350146
5.836687273160116,-1.053442758680177,0,0.1,0,0,0,1100,20025.29146198174,-368.2043663123918
69.12667676831833,4.9822250933222705,0,0.1,0,0,0,1100,34512.04231973055,3008.53692944879
71.58857260333183,-38.98565715545947,0,0.1,0,0,0,1100,24310.231860461037,-19674.957213980953
7.641586779674897,54.913667011159845,0,0.1,0,0,0,1100,14188.73895960049,20197.349848236547
37.10170620242389,21.421324773259613,0,0.1,0,0,0,1100,51421.41184544928,20173.519566781262
17.80117849559955,-69.43082215506152,0,0.1,0,0,0,1100,15081.312892366272,-40185.540384912136
69.42263497718554,83.1064811916304,0,0.1,0,0,0,1100,4111.759382547063,34001.73349985096
3.6108064112082183,-62.820397637718784,0,0.1,0,0,0,1100,6136.086988131712,-11948.014150816025
47.21455326347964,-54.040162539880484,0,0.1,0,0,0,1100,31510.789503560285,-43432.84089258045
50.089164465695106,39.65269391120222,0,0.1,0,0,0,1100,40302.48823362844,33402.76891666716
35.710890780932765,-7.706148635210468,0,0.1,0,0,0,1100,54567.477107735984,-7383.52377546548
32.96860112575878,-53.08541073673219,0,0.1,0,0,0,1100,32693.819178098536,-43519.05337835968
55.24617147775585,-21.84544824228442,0,0.1,0,0,0,1100,45544.79266957867,-18258.005092338928
79.69563034033371,-40.613840051056314,0,0.1,0,0,0,1100,14151.084969802821,-12134.010378963483
11.604103007385383,9.600755982626467,0,0.1,0,0,0,1100,32721.967443430003,5534.781472334073
10.262214686959721,14.430880318257294,0,0.1,0,0,0,1100,29577.240293821364,7610.881529588203
85.59615741157411,-13.733151322885675,0,0.1,0,0,0,1100,7970.188331948599,-1947.5498908560528
75.97484138230026,-41.59406118019472,0,0.1,0,0,0,1100,18486.07877260552,-16408.165206311416
71.6031087864426,89.33905046004028,0,0.1,0,0,0,1100,361.52128969239067,31251.148229496463
24.915368536034222,-14.405181197129721,0,0.1,0,0,0,1100,48586.13264630672,-12479.057497171843
28.772667562706754,-88.99903518214803,0,0.1,0,0,0,1100,921.2317156532621,-52668.70543718712
88.23824147475761,-38.195533461513584,0,0.1,0,0,0,1100,2598.159700631911,-2043.417008670431
23.338097160952486,30.11989373572574,0,0.1,0,0,0,1100,42267.75660889393,24520.792651238284
23.34836664153581,19.652243014900435,0,0.1,0,0,0,1100,46027.74142606319,16436.689871190974
41.83158974319348,-46.25166780070092,0,0.1,0,0,0,1100,38105.19544233471,-39805.90508117409
78.3206537041995,24.443030521404708,0,0.1,0,0,0,1100,19061.668053327576,8663.569024606424
79.75610556716742,-76.34451372801253,0,0.1,0,0,0,1100,4377.493594411461,-18013.736458982316
57.90088082622196,-0.35609662790965046,0,0.1,0,0,0,1100,46930.297149089245,-291.6677200416114
37.23653110324797,35.543852333275936,0,0.1,0,0,0,1100,44954.38863192455,32116.879980329595
6.65966864305928,77.28101926120573,0,0.1,0,0,0,1100,4893.106393620537,21674.50613059689
59.04791815318209,85.04308696896987,0,0.1,0,0,0,1100,3968.257645469376,45742.12263955479
66.31711745560007,68.81093985166018,0,0.1,0,0,0,1100,13807.490960345543,35615.42706297959
54.50709609677675,-41.52680824331526,0,0.1,0,0,0,1100,37140.01447726091,-32888.449136611496
74.29957065547056,37.76247837386025,0,0.1,0,0,0,1100,21585.2519465158,16719.833748224886
35.048306587912016,86.03364730616693,0,0.1,0,0,0,1100,3801.7127020895164,54815.30340636629
44.739438903439584,-74.5751662320105,0,0.1,0,0,0,1100,14494.151900217976,-52527.935202606895
86.86047245696587,-35.81889773938879,0,0.1,0,0,0,1100,4761.83610050653,-3436.002031529776
57.84001255936546,-21.026829071354726,0,0.1,0,0,0,1100,43855.12589734424,-16857.406127431652
6.422055270479198,10.711263380508171,0,0.1,0,0,0,1100,21223.94283125652,4014.437865309712
54.97364968052725,8.516417357760744,0,0.1,0,0,0,1100,48727.231726817205,7296.458447575983
68.90062478617968,87.48763223402582,0,0.1,0,0,0,1100,1532.5748202889254,34905.92626931047
54.59401424718002,-65.61435471577718,0,0.1,0,0,0,1100,20457.315158083926,-45125.54269494721
46.91833178957751,73.73225319233916,0,0.1,0,0,0,1100,15064.436168396045,51620.786596624566
37.28670401206532,-73.88043882807406,0,0.1,0,0,0,1100,15341.22423804595,-53079.11511452773
45.05748531852572,41.57359427625843,0,0.1,0,0,0,1100,40697.71559153684,36098.70836278637
39.85717108217097,-42.932026130759795,0,0.1,0,0,0,1100,40483.72774890307,-37661.043880392666
31.769330973901656,55.01873843907302,0,0.1,0,0,0,1100,30976.55267170233,44268.48085838486
89.28113231347668,40.05334646050434,0,0.1,0,0,0,1100,1034.5213012600411,868.8684388712895
47.61267783293085,82.57821339935842,0,0.1,0,0,0,1100,6911.68194039203,53051.35482593974
71.30371749385172,-47.59159608149621,0,0.1,0,0,0,1100,21363.160184362623,-23387.635541079304
73.37311304206584,72.4536705070683,0,0.1,0,0,0,1100,8650.336034614249,27355.04171733371
8.884870460773758,-15.84434160914013,0,0.1,0,0,0,1100,26536.20522590637,-7530.778496159285
0.6998118176380663,9.63948732285786,0,0.1,0,0,0,1100,2905.9428319984595,493.3938558924149
73.94403011747664,-40.87807575559261,0,0.1,0,0,0,1100,21049.906029570455,-18218.9489443367
79.0766555450487,82.87039122245949,0,0.1,0,0,0,1100,2443.7454016090546,19529.244798941232
69.05020576133256,-3.968670708307826,0,0.1,0,0,0,1100,34660.5092891532,-2404.5572917687728
20.969064295173997,20.559936677386247,0,0.1,0,0,0,1100,43631.64342900451,16364.8714303169
32.74676819828182,-34.99270431774995,0,0.1,0,0,0,1100,44536.478817900905,-31175.496592340485
35.588642595694765,-87.63934728312631,0,0.1,0,0,0,1100,2268.231362233537,-54996.379590427794
11.330094407664221,-33.09095935712172,0,0.1,0,0,0,1100,27366.385185733154,-17832.929201499403
72.97970100778804,55.95685153441562,0,0.1,0,0,0,1100,16386.615731014812,24253.25604935262
11.090863382812394,-46.09608599277305,0,0.1,0,0,0,1100,22329.88334581384,-23199.75452180683
86.10567743533069,66.60519982836914,0,0.1,0,0,0,1100,2886.387029280141,6669.396582716126
58.12286561455099,-3.3620836958404254,0,0.1,0,0,0,1100,46658.42001438737,-2740.9379839820867
0.2892262909472554,-29.550419690310086,0,0.1,0,0,0,1100,1074.8849409972393,-608.8169618601588
65.14149616113136,11.418046255029964,0,0.1,0,0,0,1100,38809.954354841226,7837.979147357258
25.036390946160044,11.578557506009773,0,0.1,0,0,0,1100,49233.417081086314,10086.764150162613
52.49941756471073,37.597221530937034,0,0.1,0,0,0,1100,40376.02528200844,31089.836267680763
9.630900187159382,-32.613329810099174,0,0.1,0,0,0,1100,24610.750501386043,-15746.389485944695
55.40937822451967,20.588094934701843,0,0.1,0,0,0,1100,45819.651020312864,17211.23416710628
40.3555428394528,-69.5829323248868,0,0.1,0,0,0,1100,19279.341671261347,-51790.14411913527
40.857267240595206,82.15897170752129,0,0.1,0,0,0,1100,7534.43870516839,54704.08341344897
20.678735009643624,32.51848635253313,0,0.1,0,0,0,1100,39036.61791337769,24886.14136662142
14.233194710099971,26.325855306507222,0,0.1,0,0,0,1100,33859.24279130251,16752.801061869417
36.66307086233971,-44.95522783776916,0,0.1,0,0,0,1100,39058.37227249343,-38996.363250247996
72.27374026903819,70.87923174160522,0,0.1,0,0,0,1100,9924.648785219051,28624.227954781934
34.60298599849552,-79.9862788290125,0,0.1,0,0,0,1100,9539.514767617482,-54019.27057100823
64.64181707262509,71.1398241034392,0,0.1,0,0,0,1100,12985.829588857336,38011.777045174575
77.06571930229543,-22.900021509079664,0,0.1,0,0,0,1100,21171.499039679442,-8942.745459262545
76.30607036528312,-61.82594805853941,0,0.1,0,0,0,1100,11424.428029603727,-21327.512129042036
81.43521103119143,75.46258847754308,0,0.1,0,0,0,1100,3930.4909388453934,15153.389209940147
33.320598982194674,-51.35433884866708,0,0.1,0,0,0,1100,34058.06565620377,-42592.624464992645
50.296816649377014,-58.65948290952788,0,0.1,0,0,0,1100,27169.76850575976,-44613.513372063004
36.31314125819173,87.11082599796643,0,0.1,0,0,0,1100,2780.816527204627,55080.35729907102
6.4977166337621695,49.126196771209976,0,0.1,0,0,0,1100,14265.455589310866,16482.559909547275
37.42131299890774,-46.04182380668364,0,0.1,0,0,0,1100,38360.13137273547,-39779.628203227054
40.783420643887816,-39.98717864152061,0,0.1,0,0,0,1100,42315.518711261124,-35489.80294832303
45.70290215527407,-76.48871427332989,0,0.1,0,0,0,1100,12664.275239859782,-52700.38914220715
48.0867719863655,45.21436280643593,0,0.1,0,0,0,1100,37548.39565555194,37829.40697437152
7.91201184758213,-60.01681992153024,0,0.1,0,0,0,1100,12661.23445174271,-21943.02089559305
38.71381625125844,7.295548455873785,0,0.1,0,0,0,1100,54867.508344245696,7024.229104271244
29.670251081108535,41.44409726211333,0,0.1,0,0,0,1100,39831.49039524232,35169.81993626228
33.62471044214273,86.23787685925114,0,0.1,0,0,0,1100,3584.764315935587,54500.97796943159
7.091695635011316,-89.15299691704733,0,0.1,0,0,0,1100,345.77094131559403,-23320.132673866057
87.21792063160487,-16.945620759025104,0,0.1,0,0,0,1100,4982.447585739726,-1517.7973866428472
65.02904882177879,-7.823573881143375,0,0.1,0,0,0,1100,39354.26670223009,-5407.1897539816955
32.99726201910497,23.50163918803449,0,0.1,0,0,0,1100,49925.21849037251,21709.366360072974
46.66798429652085,-28.219171013968122,0,0.1,0,0,0,1100,47465.81363903021,-25470.513587130237
43.365856869025684,-20.317511229977896,0,0.1,0,0,0,1100,51419.735431855086,-19038.15063222325
65.31935232858446,53.359091723087175,0,0.1,0,0,0,1100,23505.956774338974,31602.287151029945
37.98063410363003,51.18699579936154,0,0.1,0,0,0,1100,34658.700970915124,43085.457848075064
56.68425193199812,-36.89550374675365,0,0.1,0,0,0,1100,38345.802284836784,-28785.278059335105
19.274192819083957,-71.35437715132986,0,0.1,0,0,0,1100,14301.394547630645,-42380.988129484154
83.10829059036489,29.403177583811058,0,0.1,0,0,0,1100,11070.691827639119,6238.25964555844
68.65948681438405,-45.63612897871256,0,0.1,0,0,0,1100,24651.57285229257,-25203.92217997704
4.9561395302528055,50.51298663568272,0,0.1,0,0,0,1100,11155.698083554302,13537.98154940719
3.2332666217792116,6.671342999057416,0,0.1,0,0,0,1100,12121.708223233869,1417.7103941313273
35.36383370471519,-67.6581801560584,0,0.1,0,0,0,1100,20910.269545090832,-50876.1652675982
50.13711719658607,82.62466226969602,0,0.1,0,0,0,1100,6717.188270709391,51886.638194816354
79.6997118695694,-35.44536726811002,0,0.1,0,0,0,1100,15181.016422329914,-10805.972810671556
30.330548829574365,-18.91649799365672,0,0.1,0,0,0,1100,50557.931269440836,-17325.661144473783
28.984681580160544,-51.09462994149828,0,0.1,0,0,0,1100,33154.82355955717,-41079.53898747196
26.60560809341106,-60.922440906262594,0,0.1,0,0,0,1100,24969.36542450613,-44900.01037141895
59.76097246297017,-59.26151142317311,0,0.1,0,0,0,1100,23131.237849038218,-38895.97907500474
1.1211807135733554,-78.44995149715348,0,0.1,0,0,0,1100,931.8801896815731,-4555.013255201523
76.1504497997898,-73.59146287716639,0,0.1,0,0,0,1100,6905.040607811257,-23444.754888765223
8.602821712925461,-32.08051998627225,0,0.1,0,0,0,1100,22831.81053797396,-14310.85933766704
82.33615438139796,-82.6179606020761,0,0.1,0,0,0,1100,1809.5277651311924,-13959.147251814607
35.47212548840292,40.150632699761275,0,0.1,0,0,0,1100,42058.89860437433,35479.60824942768
64.12574948455585,-48.130452287352334,0,0.1,0,0,0,1100,27200.731939414727,-30346.822274544327
38.36906451842249,-14.12825690237122,0,0.1,0,0,0,1100,53636.46004008842,-13500.262090475482
23.350977821585825,-14.307672732426013,0,0.1,0,0,0,1100,47360.85120293166,-12078.556116407659
54.593715750839465,-88.62111965005793,0,0.1,0,0,0,1100,1193.2611920654995,-49531.49851944033
88.96005887789224,66.88200985033964,0,0.1,0,0,0,1100,767.6729704522231,1795.8768947782592
88.38115722004592,-10.985702743504433,0,0.1,0,0,0,1100,2982.6467005024024,-578.7971339956098
56.692517312792994,-77.13183672077093,0,0.1,0,0,0,1100,10677.728554741536,-46735.97349500655
64.6425988104554,19.16149998771749,0,0.1,0,0,0,1100,37943.1196581793,13184.263621538134
66.40721899193196,-44.662947540076786,0,0.1,0,0,0,1100,27091.746199381734,-26773.48160910831
41.702309165493446,31.68715621041531,0,0.1,0,0,0,1100,46906.17884231606,28954.705601674057
15.554379452894365,-66.67027554185447,0,0.1,0,0,0,1100,15769.351954814714,-36561.38765503326
86.53564920908786,-16.010405137662687,0,0.1,0,0,0,1100,6222.7979960141065,-1785.275886246496
66.60301244915121,-47.41794686367251,0,0.1,0,0,0,1100,25612.248467917492,-27869.315284446817
23.58417254216648,-52.686823544555345,0,0.1,0,0,0,1100,29750.572132518802,-39032.889113880905
52.071249205356324,-82.75457028925217,0,0.1,0,0,0,1100,6461.245533192069,-50813.984106864315
72.66876509210431,5.547224021105208,0,0.1,0,0,0,1100,29585.56205462934,2873.281388525845
87.22467986495676,-39.759905716805335,0,0.1,0,0,0,1100,3994.546110248731,-3322.5315565564806
54.19860950567966,45.85709835095494,0,0.1,0,0,0,1100,34703.08810697037,35756.165005509225
55.76785752708588,-60.07727438436051,0,0.1,0,0,0,1100,24279.721674527944,-42182.69106719374
5.2527154684682555,-0.4515728273502475,0,0.1,0,0,0,1100,18396.317469763384,-144.98239126898568
66.02388174626594,-54.468393584404765,0,0.1,0,0,0,1100,22404.961068641067,-31372.12522354593
25.041166179096873,43.07270731795404,0,0.1,0,0,0,1100,36714.38418515501,34322.989225258796
8.198994825586738,-62.315949808414544,0,0.1,0,0,0,1100,12085.925963960412,-23033.938592399416
46.276991687871316,-87.17915878421555,0,0.1,0,0,0,1100,2658.871983640375,-53941.41629039033
12.378635022844884,-34.13568500722185,0,0.1,0,0,0,1100,28653.09031344817,-19424.76845040262
78.87390209700105,0.6964465094749812,0,0.1,0,0,0,1100,20019.467234352844,243.34215237325654
41.26997423908037,-60.65919261468485,0,0.1,0,0,0,1100,27037.801238159424,-48098.0677723946
29.177336965145575,-75.74656242328474,0,0.1,0,0,0,1100,13023.025096906122,-51261.12739245613
57.97365690732517,-63.35603269853051,0,0.1,0,0,0,1100,21018.445754456927,-41890.31041068684
22.955253679360762,-42.449915474280736,0,0.1,0,0,0,1100,35805.829392126965,-32751.27135730374
1.5276131005373006,70.84164272874824,0,0.1,0,0,0,1100,2035.0310943773695,5854.639192208646
14.58688569716784,-89.31784333067769,0,0.1,0,0,0,1100,457.4477328147749,-38335.63680354942
27.027754047631596,-44.11813273884671,0,0.1,0,0,0,1100,37081.937045657105,-35956.52857509891
50.04191164887426,-6.7525656080666465,0,0.1,0,0,0,1100,52006.91320359665,-6157.614203230688
60.19972714823842,-73.8978916441978,0,0.1,0,0,0,1100,12436.636473697401,-43078.137877569374
43.09368946232661,42.99415149565212,0,0.1,0,0,0,1100,40146.524489241194,37428.64662234055
23.08519232542695,10.92220210637528,0,0.1,0,0,0,1100,47761.07495907428,9216.3355436916
8.432254517912739,74.03349544127337,0,0.1,0,0,0,1100,7305.327565544918,25529.536273585258
32.295751047954006,-52.75985668365928,0,0.1,0,0,0,1100,32809.88776946648,-43161.211492283925
80.0590419924138,32.16067871558859,0,0.1,0,0,0,1100,15259.093152126155,9593.916372029638
62.02085637011475,78.87404553640278,0,0.1,0,0,0,1100,8302.786908075484,42213.33390835897
41.53680756317626,-56.46634875956794,0,0.1,0,0,0,1100,30464.13555478553,-45965.8813652036
55.93964928826448,-29.2149112366479,0,0.1,0,0,0,1100,42364.89103859578,-23690.63863947596
74.90041945365928,-64.44219021288737,0,0.1,0,0,0,1100,11384.72944040583,-23804.47320583695
34.10249544867992,45.06646900167004,0,0.1,0,0,0,1100,38663.572526634416,38752.38188233215
67.01950981737158,-82.55481565955718,0,0.1,0,0,0,1100,4839.19065247512,-37023.2899018965
75.06883352493949,-67.89294969911344,0,0.1,0,0,0,1100,9833.783030743289,-24206.662220795188
40.41058558859589,-38.30723359770316,0,0.1,0,0,0,1100,43362.118765436724,-34253.408582682496
0.7411604232570368,-31.21869386838341,0,0.1,0,0,0,1100,2666.1401662618546,-1615.2392104343467
78.47191506300831,-47.71797638787197,0,0.1,0,0,0,1100,13919.055912844007,-15305.233192856684
74.44943830951686,82.2228053201481,0,0.1,0,0,0,1100,3664.8652560162327,26826.275408526246
88.52330184311532,-72.00995237329747,0,0.1,0,0,0,1100,856.8939340047842,-2635.7135873124953
66.96491420911963,-13.836261920158933,0,0.1,0,0,0,1100,36321.302148888855,-8945.479599339315
28.493388180894243,-81.60026638656727,0,0.1,0,0,0,1100,7673.792335878171,-51961.11903269878
10.006129815994568,0.6076949186476241,0,0.1,0,0,0,1100,30008.585138609644,318.28070030910857
82.2290038306582,-5.372084987858656,0,0.1,0,0,0,1100,14203.027136743965,-1335.4956866179614
49.021067597479345,57.29410018984916,0,0.1,0,0,0,1100,28571.59784408391,44493.20139483163
48.754033085701074,-84.19550406105391,0,0.1,0,0,0,1100,5361.272825067991,-52729.548652864825
56.87049612971924,67.74814068142811,0,0.1,0,0,0,1100,18100.139758426376,44236.09421379988
27.78014391601782,72.07106547639555,0,0.1,0,0,0,1100,16044.228160562441,49585.16119409302
28.597702964720078,-19.743134406621436,0,0.1,0,0,0,1100,49492.51484160433,-17762.306361040566
65.13530375570507,68.61910453424551,0,0.1,0,0,0,1100,14437.729093718737,36874.37836412257
14.121655290901774,27.050104186379556,0,0.1,0,0,0,1100,33484.436774444875,17097.562063366855
52.475621765287855,7.107135099933743,0,0.1,0,0,0,1100,50582.32014482937,6306.633234852944
7.111042395734856,-1.7968194111038827,0,0.1,0,0,0,1100,23361.161938282694,-732.8174037796582
88.83120083180572,32.7649615635878,0,0.1,0,0,0,1100,1846.188292312403,1187.5462873528584
25.401572316119946,-33.80234036683006,0,0.1,0,0,0,1100,41989.263033520736,-28111.01681399195
24.24899488266703,-54.62811932173834,0,0.1,0,0,0,1100,28733.09478568463,-40471.80178540663
63.83764336266103,82.33525704634258,0,0.1,0,0,0,1100,5479.285005828275,40706.90768046686
63.06254504799941,-58.56606635081846,0,0.1,0,0,0,1100,21863.741951804957,-35769.204989371225
44.12584825409473,-89.37540551697153,0,0.1,0,0,0,1100,596.7761758040768,-54649.78834464267
1.878578806307426,-28.70175533084121,0,0.1,0,0,0,1100,6578.037297957112,-3601.034494207265
13.939595570038257,-14.07079652079807,0,0.1,0,0,0,1100,36181.435918787116,-9068.187033965654
16.96127885871898,-78.98066959161052,0,0.1,0,0,0,1100,7993.126954677106,-41041.35520130275
12.332565438318262,46.14200855905375,0,0.1,0,0,0,1100,23927.909616568653,24900.252200435618
11.761191509751178,-58.70624648052359,0,0.1,0,0,0,1100,17392.109678004977,-28610.322570159376
6.6763261368429925,70.25796645499088,0,0.1,0,0,0,1100,7521.0822306503605,20954.32424518008
78.23126317161993,-24.92940843816639,0,0.1,0,0,0,1100,19121.019931576557,-8887.042767381752
78.7671487851786,-71.14109049782452,0,0.1,0,0,0,1100,6529.673749083557,-19113.365537006834
73.03259776888883,3.941065721962687,0,0.1,0,0,0,1100,29123.940872614727,2006.3743122350097
22.62451732223716,66.12387690965141,0,0.1,0,0,0,1100,19519.81576269063,44096.31385145598
33.78962014888382,-82.37762182303771,0,0.1,0,0,0,1100,7251.57966174748,-54178.97445554903
4.296469610052911,-13.768575154780365,0,0.1,0,0,0,1100,15129.149394401436,-3706.9820303682864
83.76390041954069,-74.8751642323968,0,0.1,0,0,0,1100,3010.1339090287524,-11133.071664875315
18.19042654540372,64.48131835678024,0,0.1,0,0,0,1100,18705.19477341413,39181.277240069554
8.465126306132364,69.88878837837615,0,0.1,0,0,0,1100,9157.438896958429,25005.98233171997
22.437345775095572,85.84207492706068,0,0.1,0,0,0,1100,3484.838643474414,47922.63484328331
14.288696940427307,26.250311352111623,0,0.1,0,0,0,1100,33961.23659219409,16747.564766675736
5.996369415398563,-50.42232343787247,0,0.1,0,0,0,1100,13038.210314550628,-15771.636462432985
64.93531533633161,59.55420691047982,0,0.1,0,0,0,1100,20184.475954515277,34338.99138109024
26.236311941062844,52.216856897469825,0,0.1,0,0,0,1100,31324.58112221572,40406.65900224297
52.089997174023964,-68.14044058474191,0,0.1,0,0,0,1100,19068.771446542967,-47528.77919299762
1.5587324829813543,85.1394373861572,0,0.1,0,0,0,1100,536.0442907492799,6291.906437724618
30.58216360918303,-25.33944708305208,0,0.1,0,0,0,1100,48402.564277917474,-22919.957279883496
10.150120169569202,-49.51454882146089,0,0.1,0,0,0,1100,19679.02201127822,-23051.807384239288
83.03196901245312,-67.3934365521866,0,0.1,0,0,0,1100,4937.65195826838,-11855.693004773999
71.98188554955203,2.129296300951694,0,0.1,0,0,0,1100,30694.22288901318,1141.1847525511807
88.55310153686125,61.018758925428216,0,0.1,0,0,0,1100,1316.6780163340645,2375.3797598890524
48.919892657786455,-9.616092972805717,0,0.1,0,0,0,1100,52181.60515863593,-8840.688604432458
61.66586572693812,51.66154061058424,0,0.1,0,0,0,1100,26913.973021956594,34030.74521320094
29.170422307308684,-63.02602473287166,0,0.1,0,0,0,1100,23989.359299856504,-47132.13124829791
62.97267125496765,-30.482160590177088,0,0.1,0,0,0,1100,36211.82182516461,-21314.366284820193
17.373933033461597,-9.386047266959878,0,0.1,0,0,0,1100,41799.32425279676,-6909.150033452187
33.008142698895035,57.16733500257385,0,0.1,0,0,0,1100,29519.507391687206,45746.45948314678
88.78700252111578,-86.79630183892307,0,0.1,0,0,0,1100,128.26134054791083,-2273.5958760903995
14.251974459374328,-7.212475795588716,0,0.1,0,0,0,1100,37508.186690718685,-4746.518100474135
75.05656359285469,-59.625384225375164,0,0.1,0,0,0,1100,13221.978407323055,-22557.427887544673
46.958785430303905,16.85293029406637,0,0.1,0,0,0,1100,51450.53753008458,15585.407694499985
18.89848058713677,-18.998390875431767,0,0.1,0,0,0,1100,41873.19562700181,-14416.429170473288
29.83216630680043,-56.20950199226089,0,0.1,0,0,0,1100,29595.981616856418,-44224.03827456275
21.07808189192188,66.53491029695411,0,0.1,0,0,0,1100,18601.148534410342,42848.78977448284
30.667419610831587,-49.94546090538686,0,0.1,0,0,0,1100,34487.59608661987,-41019.64763481184
49.5675038713789,66.46122899245418,0,0.1,0,0,0,1100,21012.127333204047,48233.003582588724
7.107385031887869,78.21327424493762,0,0.1,0,0,0,1100,4773.232044219037,22869.854331787217
78.05344478709665,-62.13441011308149,0,0.1,0,0,0,1100,9992.487961540424,-18897.95765638394
29.19498940115997,-58.89543463094414,0,0.1,0,0,0,1100,27328.524438517168,-45292.95120725824
34.23972316651098,38.28594762485167,0,0.1,0,0,0,1100,42994.26985923649,33936.92064124869
9.753687321094585,-53.46693437102182,0,0.1,0,0,0,1100,17548.799339149526,-23685.802228736375
16.146730738305617,19.43274294842415,0,0.1,0,0,0,1100,38362.439650960536,13533.841572847068
72.73689585956184,3.093152148005373,0,0.1,0,0,0,1100,29582.390482144405,1598.5249987720747
37.74883310094386,20.01994640669895,0,0.1,0,0,0,1100,51943.49645500384,18926.003467089206
80.83999498899881,-25.357892456216035,0,0.1,0,0,0,1100,15079.081071462784,-7145.950755757996
5.392117151048485,57.51088027395997,0,0.1,0,0,0,1100,10094.61262443425,15850.439567126985
84.37376866868885,-21.09588532176791,0,0.1,0,0,0,1100,9733.99651299059,-3754.813751528958
34.230066008151184,66.2325655250688,0,0.1,0,0,0,1100,22075.180732544628,50126.010334709084
5.200130677890662,46.619676902890376,0,0.1,0,0,0,1100,12532.83137691156,13261.159857206641
55.976425781265995,-18.330509057674277,0,0.1,0,0,0,1100,46049.08631441529,-15256.078155102125
46.309593388044355,-6.2601322071948715,0,0.1,0,0,0,1100,53675.02871967979,-5887.816111535593
51.538553459735816,-31.58263944869136,0,0.1,0,0,0,1100,43908.51272362483,-26993.55968583138
10.804198108331635,-10.40211030161852,0,0.1,0,0,0,1100,31116.1506746949,-5711.790258968524
33.680792259758,85.40188202098011,0,0.1,0,0,0,1100,4380.768907043766,54457.78420926183
37.73696121194891,59.62213621292736,0,0.1,0,0,0,1100,27957.329889052577,47692.61800202984
37.72095941455074,15.340534697080514,0,0.1,0,0,0,1100,53312.81711110566,14625.009513917637
56.30146096047564,-89.07014841770247,0,0.1,0,0,0,1100,784.0773230187885,-48246.90627081949
54.20320779599474,35.07841248421302,0,0.1,0,0,0,1100,40775.1619370556,28633.616157688768
36.00376089719714,27.932826749881215,0,0.1,0,0,0,1100,48688.98396080659,25814.68654555445
73.14896804268365,-83.41932753640278,0,0.1,0,0,0,1100,3326.8499202212574,-28829.577421342685
35.226566542380645,14.71909947116633,0,0.1,0,0,0,1100,53177.28243319922,13969.484449662397
73.70533035395091,48.47752798496401,0,0.1,0,0,0,1100,18692.49804427083,21110.2058674319
42.974843830810215,43.853462052091686,0,0.1,0,0,0,1100,39597.76394272503,38042.9195264482
50.1941870116687,75.22454976715161,0,0.1,0,0,0,1100,13336.47509926171,50560.45574747369
49.658688552728705,28.75200537526544,0,0.1,0,0,0,1100,46085.33865678682,25284.832442975534
39.91600632050015,-53.69685117031437,0,0.1,0,0,0,1100,32735.348621943187,-44557.044039591136
15.889364485956182,-10.26334606548086,0,0.1,0,0,0,1100,39664.259707695725,-7181.721493252133
25.235288218070313,10.154010325417929,0,0.1,0,0,0,1100,49617.23265494408,8886.260404371846
67.25646295735234,-16.823944415013116,0,0.1,0,0,0,1100,35459.19238243735,-10721.517206970999
68.14170989258565,54.100199428758685,0,0.1,0,0,0,1100,21065.726167947243,29099.991131553776
8.951718669507931,30.495263008802908,0,0.1,0,0,0,1100,23897.45420111758,14073.426216793452
72.95261609858075,-1.061621137037747,0,0.1,0,0,0,1100,29305.26071045254,-543.027756767529
70.2364568641944,-14.661353816430164,0,0.1,0,0,0,1100,32073.826691477076,-8391.024920820375
81.64461630127308,-52.42810867051718,0,0.1,0,0,0,1100,9323.889417956789,-12118.256869255532
81.05628049794171,87.1500943822418,0,0.1,0,0,0,1100,812.0368969826975,16291.999908793277
69.5557042537392,-24.231121435784956,0,0.1,0,0,0,1100,31070.88745955613,-13983.58593227837
35.05889076014561,-72.01361704823262,0,0.1,0,0,0,1100,16968.740171913487,-52263.31373980837
47.04257483464385,-68.03594172508022,0,0.1,0,0,0,1100,20095.963547562213,-49826.1297644621
74.15125270571119,-50.17675158135097,0,0.1,0,0,0,1100,17629.73397585376,-21140.90876525472
52.82884637632519,18.47227965850692,0,0.1,0,0,0,1100,48134.909856462145,16079.490255687566
3.689114470960467,-15.9279497061395,0,0.1,0,0,0,1100,13157.256838471058,-3754.5571393060163
23.76203000872303,-16.497525883231248,0,0.1,0,0,0,1100,47203.76180053665,-13979.795713537738
38.988203300390886,62.3345816440291,0,0.1,0,0,0,1100,25684.0822001613,48990.885133073454
70.86872429815807,70.01279472661554,0,0.1,0,0,0,1100,11035.496429515188,30338.107516615713
77.01408197911643,-57.986750137025815,0,0.1,0,0,0,1100,12228.025167920754,-19557.027408378653
68.24439965822417,-16.002218596142683,0,0.1,0,0,0,1100,34406.18098210648,-9866.89701880349
27.433189800844364,-43.53741410203815,0,0.1,0,0,0,1100,37628.94852416512,-35754.02779956649
7.398896434787056,89.32448909348258,0,0.1,0,0,0,1100,284.9943719632095,24086.842752303608
19.172757884374,16.761212997045234,0,0.1,0,0,0,1100,42715.62077073765,12864.758829705082
2.1059241145582277,-86.37087485666927,0,0.1,0,0,0,1100,527.7858983797676,-8305.48926539963
65.1284930110251,-30.53892343130824,0,0.1,0,0,0,1100,34114.4415171593,-20125.552552702025
19.014742082577353,64.68431301629465,0,0.1,0,0,0,1100,18996.567288821632,40156.97332640363
47.863312753139525,16.075393650836958,0,0.1,0,0,0,1100,51308.384749200864,14785.248345406098
32.381118750481775,-63.34808407057118,0,0.1,0,0,0,1100,24333.291457668005,-48480.39228067813
56.07926168527173,67.34178117221936,0,0.1,0,0,0,1100,18657.52374368341,44691.36874323298
0.37949079271313524,6.888354114067624,0,0.1,0,0,0,1100,1604.1974319344492,193.67757830933647
72.54970187374295,28.15944652409516,0,0.1,0,0,0,1100,26359.087509602094,14109.071882641449
79.82542217519946,9.268080164678281,0,0.1,0,0,0,1100,18181.023090436993,2966.6940977050067
75.09460272111845,9.113023577981153,0,0.1,0,0,0,1100,25759.504498823124,4131.849409019766
64.3742993093439,-11.256893821871714,0,0.1,0,0,0,1100,39694.931523905325,-7900.480196189019
83.37770705698235,52.32799347412987,0,0.1,0,0,0,1100,7472.366184756744,9676.58561132738
53.59764099112296,83.85832630520991,0,0.1,0,0,0,1100,5376.198272196067,49953.10964926689
84.66806378547297,-27.28726555975981,0,0.1,0,0,0,1100,8797.82994852776,-4537.853817122105
75.5729456482295,26.865840818699,0,0.1,0,0,0,1100,22611.529520380747,11454.031711184323
67.69444761890928,-40.487087861750524,0,0.1,0,0,0,1100,27756.277339393742,-23694.22886555056
14.725941205467079,-5.4764560568878125,0,0.1,0,0,0,1100,38381.834427609596,-3679.682305499691
86.46924998754761,77.22891421453707,0,0.1,0,0,0,1100,1459.012382630071,6432.489212947506
2.0382652797470815,27.778776130858233,0,0.1,0,0,0,1100,7148.583971520391,3765.110528390495
10.723689517271943,-65.95801173189744,0,0.1,0,0,0,1100,12823.984748702149,-28743.9394512927
31.23399053281234,-87.82591525379303,0,0.1,0,0,0,1100,2042.8866648550365,-53785.27236234556
66.53976433267763,-12.454158167781685,0,0.1,0,0,0,1100,37036.019583426336,-8179.270331343575
67.9618962832363,-69.19054984819228,0,0.1,0,0,0,1100,12845.084206699124,-33795.16929182646
55.44635201232367,33.939136011611055,0,0.1,0,0,0,1100,40583.79147562954,27310.75973255654
64.15612235469457,-70.63829196612193,0,0.1,0,0,0,1100,13500.41212665304,-38415.57512078844
62.815900206690536,38.70362557217692,0,0.1,0,0,0,1100,32922.697965780935,26378.67407153517
83.43249271406259,-51.14260126866297,0,0.1,0,0,0,1100,7609.436040227562,-9443.50432617113
19.17742345489847,12.98168216307316,0,0.1,0,0,0,1100,43476.07581893727,10022.373093533666
10.772997514585578,-22.73597424790829,0,0.1,0,0,0,1100,29120.66030370033,-12202.459391912978
49.7855327557724,-45.4703350636558,0,0.1,0,0,0,1100,36818.80315096265,-37426.97140335757
64.58476437406362,-67.22389367533336,0,0.1,0,0,0,1100,15576.64575722699,-37096.19160936064
22.346609551626354,47.02736241080632,0,0.1,0,0,0,1100,32695.52501530634,35094.17194942613
46.40779626292053,40.598475659857286,0,0.1,0,0,0,1100,40973.19251369763,35115.525410171744
74.69871511263479,-73.26253846189086,0,0.1,0,0,0,1100,7688.948216261748,-25564.350891157857
66.46561596942446,-22.553445551693002,0,0.1,0,0,0,1100,35111.245834122834,-14581.36235535132
26.746844781821334,66.77618250123601,0,0.1,0,0,0,1100,20296.60360831293,47298.87975938423
4.465424986831591,0.055823963653608644,0,0.1,0,0,0,1100,16089.021029083602,15.674756378244046
18.428806238925382,47.50969999801788,0,0.1,0,0,0,1100,29527.901099673774,32233.912374610085
85.3497363685812,-79.48083630864346,0,0.1,0,0,0,1100,1581.135972081571,-8509.760917203328
51.61819611248859,58.06436260791227,0,0.1,0,0,0,1100,27239.978785137064,43700.63841247323
56.79370660982898,-58.03461827304574,0,0.1,0,0,0,1100,25337.446395317595,-40601.31724513666
10.319693023225383,-53.96444526544387,0,0.1,0,0,0,1100,18036.542284197312,-24791.336497574932
78.0742890429654,-60.99826083908562,0,0.1,0,0,0,1100,10348.653356701025,-18666.265247318664
85.51076322839546,12.604934209860062,0,0.1,0,0,0,1100,8159.804652074061,1824.4466502121966
74.72670992860687,-61.52285022890571,0,0.1,0,0,0,1100,12709.228848841365,-23427.91095347582
88.17367341111753,42.758415941832965,0,0.1,0,0,0,1100,2516.0131440331984,2325.53941826658
28.97089433861046,84.15542769210384,0,0.1,0,0,0,1100,5375.848812637113,52508.08022541392
70.83808815644372,-25.503321749934628,0,0.1,0,0,0,1100,29176.273737826512,-13917.964852715473
78.44239546981926,80.14603611414302,0,0.1,0,0,0,1100,3549.738739081567,20430.26319433992
72.90788459197825,-19.13486279584143,0,0.1,0,0,0,1100,27752.834801824036,-9628.753552268787
46.80942498629021,-30.822935032490136,0,0.1,0,0,0,1100,46214.65926495248,-27573.864331586854
88.42883283094858,-10.292678527226144,0,0.1,0,0,0,1100,2901.6350759717307,-526.7483366098354
9.463592415857114,-79.99487636990973,0,0.1,0,0,0,1100,5014.46849690617,-28417.540760586886
81.28684744892229,-46.25383973816616,0,0.1,0,0,0,1100,11003.943792800063,-11495.338186169687
14.60401628718403,70.76127164254649,0,0.1,0,0,0,1100,12642.739717957595,36223.276120422204
75.81589352200358,65.8941995170484,0,0.1,0,0,0,1100,10197.913006699027,22789.294566994995
66.26644355727313,-63.10115091764392,0,0.1,0,0,0,1100,17310.076732941605,-34119.54259264959
52.63247895030649,-38.48867653271777,0,0.1,0,0,0,1100,39821.68189024258,-31661.689557125275
76.04819619500068,-42.71652089688615,0,0.1,0,0,0,1100,18076.293529297767,-16689.05282869771
0.6245749974504045,24.88783482392644,0,0.1,0,0,0,1100,2392.4566507530953,1109.4601135349974
66.96467304566619,-53.30725856308732,0,0.1,0,0,0,1100,22351.96472405537,-29993.979270776497
81.96379880639307,-76.87714142009901,0,0.1,0,0,0,1100,3345.4953880105577,-14346.021355507113
78.98241386982495,24.65382352810613,0,0.1,0,0,0,1100,18031.503836220858,8275.506207124172
7.917311339112299,-70.3827588356472,0,0.1,0,0,0,1100,8510.537600834528,-23874.48785206149
16.293577370520147,71.82062935960926,0,0.1,0,0,0,1100,12757.633541873334,38846.65530731614
89.44041387270609,77.36469812264627,0,0.1,0,0,0,1100,230.93814640079265,1025.7151536175984
9.027919032053145,-76.82007151676487,0,0.1,0,0,0,1100,6363.007415553808,-27167.08970504053
12.1533010000922,-8.048854740571912,0,0.1,0,0,0,1100,33870.9864400914,-4789.561558946763
28.299757090137973,-87.48232656939796,0,0.1,0,0,0,1100,2303.5517714995485,-52366.09273365621
88.48745744503917,60.905752578515916,0,0.1,0,0,0,1100,1381.1303808785467,2480.1908554270503
32.912072424018376,-49.07100353036697,0,0.1,0,0,0,1100,35649.029070175406,-41110.834661960675
77.1591858984237,-87.44684431491156,0,0.1,0,0,0,1100,1018.0475477915201,-22808.534145544603
66.1225331018544,42.73429536700766,0,0.1,0,0,0,1100,28230.039072855565,26080.309745872946
32.32577999256569,15.022296255726744,0,0.1,0,0,0,1100,52373.49191547282,14055.012832150675
56.66857732146399,-83.46452020521386,0,0.1,0,0,0,1100,5459.7063883006595,-47647.69178434495
48.852209381323334,-46.74141183006045,0,0.1,0,0,0,1100,36291.27246314668,-38565.641086817355
33.812856658135985,-36.919498032067345,0,0.1,0,0,0,1100,43707.1131613221,-32838.42050959082
25.23973889980632,85.11043365237882,0,0.1,0,0,0,1100,4297.64049269318,50225.61052366625
60.82531108041452,26.03246248750041,0,0.1,0,0,0,1100,39743.05469689897,19411.37626582791
14.968918792909182,64.90699182814527,0,0.1,0,0,0,1100,16512.106174375927,35258.6373583375
28.783173595501918,-0.4381641042734685,0,0.1,0,0,0,1100,52682.34407846102,-402.8774624418932
3.3216621858516158,13.621517202517992,0,0.1,0,0,0,1100,12143.48309804669,2942.4032118028395
58.83370686622532,24.748891076456857,0,0.1,0,0,0,1100,41873.93075975539,19302.702831672876
51.328056313011054,74.02504207702637,0,0.1,0,0,0,1100,14219.809120380922,49668.801685830025
6.472355524290901,17.55867409864267,0,0.1,0,0,0,1100,20719.952326205166,6555.994778913957
20.996769488601355,-83.75526188184843,0,0.1,0,0,0,1100,5072.93662056896,-46350.601929995806
62.69974748511016,-69.96131231845007,0,0.1,0,0,0,1100,14498.678746167054,-39748.39183353527
39.04952842313779,73.75070045586304,0,0.1,0,0,0,1100,15478.926812538433,53104.77781262935
52.90471506507404,-44.869096910277804,0,0.1,0,0,0,1100,35932.93513911836,-35767.59257546352
44.007089646643855,-69.23895246466647,0,0.1,0,0,0,1100,19384.446305713704,-51131.81471918533
46.40419951224099,66.42213991453062,0,0.1,0,0,0,1100,21585.752354366396,49457.63043555794
43.00309477541495,18.30065963682135,0,0.1,0,0,0,1100,52128.97890756321,17240.346524389155
47.47566524142236,5.503560906280626,0,0.1,0,0,0,1100,53309.521197778544,5136.370604656476
82.47690689756976,25.118680146151718,0,0.1,0,0,0,1100,12520.649289728897,5869.610480710811
89.43267008709668,47.20901583459289,0,0.1,0,0,0,1100,724.966627100051,782.0596544016182
36.98375430296994,58.93706114922347,0,0.1,0,0,0,1100,28496.119137142323,47306.05579288096
4.2490886099181315,-34.78786948741391,0,0.1,0,0,0,1100,12673.959286518268,-8803.846884101407
45.07298695002595,-56.67731295385401,0,0.1,0,0,0,1100,29883.234803484265,-45451.4587922272
3.1206188415739913,-29.21817672346033,0,0.1,0,0,0,1100,10326.06421565012,-5774.77596950003
19.54590624176094,69.26808207484746,0,0.1,0,0,0,1100,15946.093886976567,42126.47897853971
36.126906670514266,-32.140326261762134,0,0.1,0,0,0,1100,46678.49813416081,-29326.271390991744
34.20714350116417,29.157277540778225,0,0.1,0,0,0,1100,47827.179014401016,26682.367213523223
22.114564588613568,34.32344045475604,0,0.1,0,0,0,1100,39430.652756801705,26920.729638278106
38.76810006723779,-83.9305393239398,0,0.1,0,0,0,1100,5849.6486083933005,-55004.39711046682
25.95509648864313,-83.24146838973644,0,0.1,0,0,0,1100,5994.705425541036,-50575.82689067844
54.35846606882375,-59.92730353336111,0,0.1,0,0,0,1100,24912.71212963359,-43022.01749357425
51.42451600362206,17.19945868929223,0,0.1,0,0,0,1100,49301.254812699415,15260.46775452768
52.38397054528965,-63.00946578125034,0,0.1,0,0,0,1100,23160.752217182882,-45471.46493711059
31.70944394117307,-72.223091842144,0,0.1,0,0,0,1100,16490.066427287034,-51428.39971582818
8.052794161900753,-14.716510564166157,0,0.1,0,0,0,1100,24826.66029515963,-6520.434967545115
37.01570413097611,59.02768008386613,0,0.1,0,0,0,1100,28422.807833751973,47353.636089485866
25.675429693778735,-38.985888529166125,0,0.1,0,0,0,1100,39433.58340132886,-31915.618735016073
76.9830969558623,-24.14563029333017,0,0.1,0,0,0,1100,21093.292565622854,-9455.185693180914
59.38738213743041,-55.37150698527682,0,0.1,0,0,0,1100,25914.689238034982,-37523.542200670156
32.064749429834436,-39.262279250145404,0,0.1,0,0,0,1100,41915.96014163647,-34260.84526742577
62.92301985946598,72.50013893494614,0,0.1,0,0,0,1100,12652.06716682824,40124.39813308053
37.41302328899445,2.224497211016086,0,0.1,0,0,0,1100,55220.676840421314,2144.970798582687
72.83592595973946,28.905996412643546,0,0.1,0,0,0,1100,25808.235370558432,14249.883492501702
32.091749734500404,-15.100871201319961,0,0.1,0,0,0,1100,52276.48642209741,-14105.647352518352
4.212715200626478,-29.303046019608146,0,0.1,0,0,0,1100,13360.21545920544,-7497.77046707254
5.781261892010291,23.35426069031476,0,0.1,0,0,0,1100,18248.221521348798,7878.989233461364
40.624211618664305,-14.039041454926277,0,0.1,0,0,0,1100,53592.35980050152,-13400.551553049772
50.20992593282189,-54.09628809607048,0,0.1,0,0,0,1100,30660.013924650357,-42347.861464600064
42.94712071154089,-74.21634593926703,0,0.1,0,0,0,1100,14938.45821430176,-52845.03000566103
67.30524039055719,-51.473185735828395,0,0.1,0,0,0,1100,23036.891413939204,-28931.852556206857
65.6796723367858,76.02840304699589,0,0.1,0,0,0,1100,9407.776359929794,37808.35497221428
81.6757105453471,-44.549092146776694,0,0.1,0,0,0,1100,10858.377561133373,-10687.794077949016
43.1913509224352,-42.6773526677088,0,0.1,0,0,0,1100,40338.18412129008,-37192.42867496481
33.63542219421979,81.4316434751158,0,0.1,0,0,0,1100,8139.022889024981,54011.903904598956
38.62686864553007,-21.240197337764982,0,0.1,0,0,0,1100,51556.94194183298,-20038.710625277912
22.93466875767779,43.690233813904996,0,0.1,0,0,0,1100,35075.08537030822,33506.08782690928
66.41063234997806,47.1207449258641,0,0.1,0,0,0,1100,25915.848579648067,27907.95513499267
83.17665326897809,-5.650829602466644,0,0.1,0,0,0,1100,12524.365919216698,-1239.1335660926266
12.689308551498156,2.095267502884397,0,0.1,0,0,0,1100,35148.35712441672,1285.8880951348465
19.054184187355176,88.70907117579068,0,0.1,0,0,0,1100,1002.865209328679,44458.63579683733
15.07070583036635,-17.376817963213654,0,0.1,0,0,0,1100,37306.10790270686,-11674.103373906879
89.27518872763989,-85.59799337488865,0,0.1,0,0,0,1100,105.49119066645297,-1357.3420771637252
42.714896485626475,67.64970691389601,0,0.1,0,0,0,1100,20900.548558112605,50831.22818199228
52.66036337627535,44.79146562653102,0,0.1,0,0,0,1100,36092.49231666573,35829.72587370075
62.130382468882196,-41.25244399639482,0,0.1,0,0,0,1100,32259.98706977179,-28292.654965749836
43.46315261277582,-54.19525087048231,0,0.1,0,0,0,1100,32065.617271631414,-44450.517971627865
85.69052860028482,-73.68014539440946,0,0.1,0,0,0,1100,2257.569892464504,-7706.919187708847
9.638447849812517,3.869041226127692,0,0.1,0,0,0,1100,29166.893911507876,1972.4992301746481
39.36050173258321,89.78640968093285,0,0.1,0,0,0,1100,207.1854964244427,55309.17351280239
75.58984740210447,25.808879596721354,0,0.1,0,0,0,1100,22795.248877612274,11023.528934339927
5.0626578230138195,-15.601387770066765,0,0.1,0,0,0,1100,17193.725941997072,-4800.69837384216
80.06522088968373,-30.46680143432487,0,0.1,0,0,0,1100,15526.95159015147,-9133.299686633707
81.97388361698404,-46.21174630585172,0,0.1,0,0,0,1100,10182.448679814652,-10621.36269782277
71.88781605179673,48.51678336294512,0,0.1,0,0,0,1100,20435.22562748072,23110.327842387553
40.3445977385862,45.51571200211188,0,0.1,0,0,0,1100,38724.63482796548,39427.078424944695
41.9228858633742,-84.33944302776285,0,0.1,0,0,0,1100,5434.897056069746,-54822.46252956266
72.3774069364528,62.25758939550036,0,0.1,0,0,0,1100,14033.93376357633,26680.796040639394
42.01638270003609,-85.83725391432888,0,0.1,0,0,0,1100,3999.038228272123,-54931.2438207401
89.44947903282353,-77.53787199452461,0,0.1,0,0,0,1100,224.1635408927997,-1009.769334279544
44.58665860313845,-2.359430047425519,0,0.1,0,0,0,1100,54487.71088993381,-2245.0109503898257
73.77660761249298,-66.04217812296653,0,0.1,0,0,0,1100,11407.129741344785,-25669.374260733242
89.26440971277542,50.697969241990165,0,0.1,0,0,0,1100,876.1246346061021,1069.1160579552593
31.073222372107086,22.830074878466874,0,0.1,0,0,0,1100,49549.59476204362,20858.92222666809
58.469217856014716,45.93060911182124,0,0.1,0,0,0,1100,32296.906363318958,33362.43561739812
77.55285540814594,86.89586466348129,0,0.1,0,0,0,1100,1202.8340935293952,22161.60966044038
81.9610014787059,-88.30979795423123,0,0.1,0,0,0,1100,435.6364502848773,-14729.200279764524
53.99884345238639,53.33533200794216,0,0.1,0,0,0,1100,29837.570923107764,40080.38880940793
8.756595350820701,-53.196177003157466,0,0.1,0,0,0,1100,16352.499545483277,-21854.34072093496
34.98338927997036,-19.20880023794922,0,0.1,0,0,0,1100,51876.82471569729,-18073.831283109957
3.0487704893731973,68.90490326930907,0,0.1,0,0,0,1100,4172.673452265897,10813.899770640719
51.74299036765979,-42.713800685033384,0,0.1,0,0,0,1100,37782.50147240844,-34880.26144901001
83.41866425304164,33.68576015970146,0,0.1,0,0,0,1100,10112.574087206332,6739.951430209096
77.70014888793227,-32.43287367439119,0,0.1,0,0,0,1100,18531.046335554704,-11774.30862276703
35.539517484466096,-9.822631976688385,0,0.1,0,0,0,1100,54229.918302089536,-9388.900123670679
10.005723864264706,5.407690210372621,0,0.1,0,0,0,1100,29875.867507844894,2828.05210267223
16.980707446727408,-61.19404517218535,0,0.1,0,0,0,1100,20161.02604220158,-36661.867924440085
21.81795311825848,0.34377095838880223,0,0.1,0,0,0,1100,47456.02912734009,284.7305114727205
34.324499967477365,-89.17920340780012,0,0.1,0,0,0,1100,785.919899169523,-54787.29074437077
43.98167361351538,35.22470602096409,0,0.1,0,0,0,1100,44676.15691585013,31543.715390329016
32.35130537146304,-36.96642779595944,0,0.1,0,0,0,1100,43333.51336624287,-32613.412829322908
60.15194876329387,-27.972350880892222,0,0.1,0,0,0,1100,39640.59148097056,-21052.083955949154
45.36777620742499,80.13684044688915,0,0.1,0,0,0,1100,9303.461777742183,53503.80007787086
66.31841166423246,49.242600743637894,0,0.1,0,0,0,1100,24937.751458045084,28932.967961141898
54.07817443804285,-81.71987135749833,0,0.1,0,0,0,1100,7188.8888496846575,-49391.043402680836
26.749113275202696,-74.69130417117485,0,0.1,0,0,0,1100,13590.306348375309,-49644.25946618402
64.22846969503613,30.12461478459244,0,0.1,0,0,0,1100,35149.50180848484,20395.053056722212
71.28180577843787,-38.58322560232483,0,0.1,0,0,0,1100,24785.72250977953,-19773.335097708812
25.843971087109452,-66.0754624950856,0,0.1,0,0,0,1100,20622.820873025077,-46481.38410928341
49.68485579373244,-84.87742532307665,0,0.1,0,0,0,1100,4693.189666695608,-52341.518205487875
78.41502069026063,32.026569103606874,0,0.1,0,0,0,1100,17619.53789543429,11020.64777633687
42.288116264937265,-67.56441076965038,0,0.1,0,0,0,1100,21004.565857326685,-50868.64035929453
80.0299501529276,-23.886599522942817,0,0.1,0,0,0,1100,16526.17982300778,-7318.244617397496
79.59899233708619,-40.54391052264094,0,0.1,0,0,0,1100,14289.983235805388,-12222.75678748011
10.199962110857442,-23.03554477729338,0,0.1,0,0,0,1100,27987.66085073465,-11900.00248547918
13.715976513035784,30.783838363564513,0,0.1,0,0,0,1100,31728.378176681344,18901.18557892661
75.60580121940039,-22.341125979180703,0,0.1,0,0,0,1100,23397.279100111253,-9615.038576052073
89.83277687794764,78.57745617155268,0,0.1,0,0,0,1100,63.22141859072753,307.9584291061711
44.67643483669329,52.41275834530069,0,0.1,0,0,0,1100,33249.3885529175,43193.80554308574
54.32712906215696,-30.010138772454667,0,0.1,0,0,0,1100,43069.60685292646,-24875.698939517464
40.649178710657864,66.8794226594201,0,0.1,0,0,0,1100,21691.657861752847,50802.470101986524
40.62245545305088,32.193776220023395,0,0.1,0,0,0,1100,46749.20431680317,29431.824067887726
1.337199762026886,61.10598592124961,0,0.1,0,0,0,1100,2647.8883049262727,4796.014090611009
52.423727949424475,18.22551444405697,0,0.1,0,0,0,1100,48447.66900082959,15952.363743507354
73.38345614075504,47.636925281286864,0,0.1,0,0,0,1100,19322.677083662795,21187.34224590105
69.0739617698217,13.231891023528064,0,0.1,0,0,0,1100,33790.97019677448,7945.2108206821595
15.67970083766547,-72.38788452910825,0,0.1,0,0,0,1100,12104.42969515111,-38126.60226000102
51.46562287182107,24.392637732442978,0,0.1,0,0,0,1100,46980.61276209586,21303.61905761731
41.275890695208794,-81.47090549822465,0,0.1,0,0,0,1100,8184.252312697636,-54565.29956919915
85.51578298326604,-80.08819260759866,0,0.1,0,0,0,1100,1438.4930776866215,-8226.370377196261
41.68855898777122,23.24080140279777,0,0.1,0,0,0,1100,50652.117903917795,21751.805451080872
39.7759617696894,27.69778173730782,0,0.1,0,0,0,1100,48960.45961359637,25701.8730139881
11.059280541887409,-68.34802847429762,0,0.1,0,0,0,1100,11858.865310816283,-29869.929637487407
25.700969054923785,-70.32886833242894,0,0.1,0,0,0,1100,17084.033257668216,-47786.72539370385
71.8519559491687,9.472018369106593,0,0.1,0,0,0,1100,30479.568804576717,5085.062777859223
9.498746328537663,-46.165847342274304,0,0.1,0,0,0,1100,20038.982255152187,-20870.396301742217
44.84743191103033,11.818828263156504,0,0.1,0,0,0,1100,53306.91953333976,11154.469694446658
27.00526889889375,62.6010087119908,0,0.1,0,0,0,1100,23763.58239402891,45844.644058575366
85.49990765791712,84.83839699856969,0,0.1,0,0,0,1100,754.926213058135,8346.219177066208
31.7497187126032,68.99203005489017,0,0.1,0,0,0,1100,19367.85616594603,50431.4162908871
24.959918283412513,-69.76772819166482,0,0.1,0,0,0,1100,17360.292653746328,-47098.78711547413
19.7371002396068,-45.17919188066769,0,0.1,0,0,0,1100,31905.11688564567,-32104.095377525853
19.445995040598287,-68.79709196401166,0,0.1,0,0,0,1100,16250.268012777986,-41886.17942781858
4.670338024990427,-29.92381672439121,0,0.1,0,0,0,1100,14475.691062623337,-8331.29701548135
57.204016044544026,-49.98092676023968,0,0.1,0,0,0,1100,30558.629444144637,-36392.4187747364
67.078839383552,-69.65439414107354,0,0.1,0,0,0,1100,12957.25164946593,-34939.7885845291
42.570523519578344,-19.879351283809058,0,0.1,0,0,0,1100,51710.555342815336,-18697.458831913635
60.66429340466534,61.27576628173756,0,0.1,0,0,0,1100,21333.32810353842,38925.200149902084
44.54242996951619,-83.16367422855846,0,0.1,0,0,0,1100,6493.672171512835,-54156.348125131415
14.887373001072074,17.387804939201672,0,0.1,0,0,0,1100,37035.117647777464,11597.132940758218
65.53533050324027,-84.26806369801929,0,0.1,0,0,0,1100,3909.2364728889074,-38935.38002062841
47.225695471742114,13.566855509891198,0,0.1,0,0,0,1100,52158.91868260525,12586.394723339272
36.327878942502174,-88.76577377060205,0,0.1,0,0,0,1100,1188.9620425793846,-55139.21206811846
49.927964891820736,17.550211075385462,0,0.1,0,0,0,1100,49988.754013361584,15809.25328992448
70.70659328663115,82.3891643243885,0,0.1,0,0,0,1100,4306.352924448043,32220.636368887328
35.76378102952202,-19.763238163516064,0,0.1,0,0,0,1100,51829.260760526726,-18621.699134779417
9.577861892986892,-83.47442596234728,0,0.1,0,0,0,1100,3308.436270527937,-28913.8569548085
14.912333989422228,-74.52998248250492,0,0.1,0,0,0,1100,10362.551084749439,-37438.17371724573
83.91746970626387,43.87965038416266,0,0.1,0,0,0,1100,8114.510483093871,7802.257239888013
57.793105321917615,-57.47547447694962,0,0.1,0,0,0,1100,25283.322417757397,-39647.6202593397
33.510405700044124,-82.59050649910414,0,0.1,0,0,0,1100,7040.625219871903,-54131.23413854377
34.21215752760803,-3.362908915575133,0,0.1,0,0,0,1100,54673.674239201806,-3212.6086301821047
83.11106307964073,7.648932987148129,0,0.1,0,0,0,1100,12589.495439427117,1690.6076594035374
74.47238686461068,8.140135069048952,0,0.1,0,0,0,1100,26769.005024989525,3828.78367661457
65.18201947664612,38.95194163317166,0,0.1,0,0,0,1100,30754.40320059268,24860.933386901303
49.409344108905664,66.05047479291383,0,0.1,0,0,0,1100,21389.149935319572,48152.690505512306
1.6529836006724519,18.231290897732478,0,0.1,0,0,0,1100,6332.775204552704,2085.6142200126887
45.61203353478649,21.2079311984954,0,0.1,0,0,0,1100,50558.07911239457,19617.85033533656
6.370873589921836,12.637779277349097,0,0.1,0,0,0,1100,20945.314266475078,4696.111164519078
32.76418898903069,-24.93934731226652,0,0.1,0,0,0,1100,49299.80859384531,-22924.869552978245
43.269616816427444,-23.559119948979514,0,0.1,0,0,0,1100,50279.674311596376,-21923.206024989315
71.79584703280109,-24.973732814138344,0,0.1,0,0,0,1100,28084.17329574629,-13079.702319070344
5.437118242125198,57.158359650565956,0,0.1,0,0,0,1100,10260.746682426945,15894.629583008154
27.600893395583668,-53.05356144902703,0,0.1,0,0,0,1100,31261.58698747579,-41564.4150642424
66.43681391221071,25.13987438272187,0,0.1,0,0,0,1100,34449.15481134819,16165.938814381185
41.97277692231469,-71.26919659047525,0,0.1,0,0,0,1100,17689.61070803913,-52166.16694078552
46.018771499296314,-42.056471656801854,0,0.1,0,0,0,1100,40166.627578646614,-36236.73914023682
61.02849590320325,-28.551091500918773,0,0.1,0,0,0,1100,38675.08787505352,-21042.705840183862
40.85570194671171,28.86076411512009,0,0.1,0,0,0,1100,48362.871565541325,26653.99347935576
89.9586820955474,25.94699217133848,0,0.1,0,0,0,1100,70.80501502375749,33.966273118928044
6.356256424296639,-45.17415276559116,0,0.1,0,0,0,1100,15105.146435480789,-15196.143672307331
66.31266252268092,49.84586952454842,0,0.1,0,0,0,1100,24636.224247392813,29199.235443424786
78.8067114174018,-30.04299446690913,0,0.1,0,0,0,1100,17428.13646053013,-10078.876072248078
83.32677114342238,-52.89752567248514,0,0.1,0,0,0,1100,7430.76620694531,-9823.027350398092
38.28994728864037,81.73658719140883,0,0.1,0,0,0,1100,7949.854181237047,54732.06487413801
88.40383767753995,32.46279716368224,0,0.1,0,0,0,1100,2527.883096384667,1607.496384737496
83.82015645579895,-33.13563463084291,0,0.1,0,0,0,1100,9573.478315504492,-6248.677616695942
74.7177323846494,-25.208118382045228,0,0.1,0,0,0,1100,24127.898200736014,-11357.403683085091
29.080830302309337,-3.083551507239733,0,0.1,0,0,0,1100,52764.315093313526,-2842.339002849698
27.418307530089347,-83.25814817089064,0,0.1,0,0,0,1100,6093.490408461013,-51537.15652214633
45.20017015140531,-71.47456972260144,0,0.1,0,0,0,1100,17271.74639201956,-51540.19592873812
59.503050658882294,74.20028466708473,0,0.1,0,0,0,1100,12388.210694028236,43776.30469355395
42.83923125375066,13.715723394508942,0,0.1,0,0,0,1100,53371.184490456246,13025.766076809285
89.04405130390384,-66.23010230705316,0,0.1,0,0,0,1100,724.5532269791034,-1642.8501989285844
12.634948362837186,13.026784145000462,0,0.1,0,0,0,1100,34172.90548343365,7906.033653191779
28.936650639565563,-35.71142189289598,0,0.1,0,0,0,1100,42843.99631158189,-30798.51782474143
58.89689089178523,84.67245161094681,0,0.1,0,0,0,1100,4276.790494634448,45851.91677272528
75.88741639671231,-11.718487384572768,0,0.1,0,0,0,1100,24337.368442675845,-5048.007707393503
46.015962470027155,81.67018607348007,0,0.1,0,0,0,1100,7838.115026506268,53526.470314318336
31.482767376638133,26.002370835021907,0,0.1,0,0,0,1100,48464.65221336039,23639.78501093927
50.30753427754402,-84.81262679332063,0,0.1,0,0,0,1100,4723.236691425192,-52014.94105282598
74.65962082270778,57.79994782226552,0,0.1,0,0,0,1100,14258.237146243584,22640.062651533262
15.141065579622763,10.903428202643681,0,0.1,0,0,0,1100,38489.72306594806,7414.148165368012
60.32700799684751,63.06174135781944,0,0.1,0,0,0,1100,20258.222409101498,39863.172735372515
45.33484357175048,36.88474383895911,0,0.1,0,0,0,1100,43445.822231140824,32601.20947234719
42.390831692485605,76.22078537572406,0,0.1,0,0,0,1100,13105.07346579273,53433.90343412994
43.57461933122013,-68.74301547064478,0,0.1,0,0,0,1100,19863.11167388015,-51056.58288663392
27.104753093348577,75.23751290996535,0,0.1,0,0,0,1100,13174.973045017658,49993.99866104934
35.47762729545821,-34.87893129054392,0,0.1,0,0,0,1100,45141.59916593421,-31465.802772998642
7.769863186253842,53.06911738482398,0,0.1,0,0,0,1100,15017.86206657626,19978.146284148934
70.22951454647465,81.13029782203415,0,0.1,0,0,0,1100,5114.145582636025,32765.211067738197
67.05506196830626,-7.605632601518906,0,0.1,0,0,0,1100,36967.038977653734,-4935.955586354488
49.89333936439512,-20.44999212777293,0,0.1,0,0,0,1100,49141.64351316714,-18323.890518315027
28.497927109484582,61.47424066471666,0,0.1,0,0,0,1100,25085.786667767683,46150.93751725396
34.91228839624993,76.20557799166559,0,0.1,0,0,0,1100,13096.092999518616,53336.08354253223
9.673279173531503,-80.45833653552089,0,0.1,0,0,0,1100,4859.046603421472,-28901.29360045105
